ID	kmer_coverage	bioproject	biosample	bioproject_title	bioproject_description	refs	sample_acc	assay_type	center_name	experiment	sample_name	organism	longitude	latitude	selected_location	locations	disease_source	disease_text	do_label	do_id	tissue	tissue_source	tissue_text	bto_id	contigs_n50	contigs_nbseq	contigs_maxlen	contigs_sumlen	unitigs_n50	unitigs_nbseq	unitigs_maxlen	unitigs_sumlen	instrument	librarylayout	libraryselection	librarysource	library_name	platform	sra_study	releasedate	mbytes	avgspotlen	mbases	biosamplemodel_sam	collection_date_sam	location_count	location_avg_coverage	location_max_coverage	location_min_coverage	location_med_coverage
SRR2184126	0.944	PRJNA293213	SAMN03998690	Phylogenomics of the ant subfamily Formicinae, based on UCE sequences	Ultraconserved elements (UCEs) have been successfully used in phylogenomics for a variety of taxa, but their power in phylogenetic inference has not yet been extensively compared with traditional Sanger sequencing data sets. Moreover, UCE data on invertebrates, such as insects, is sparse. We compared the phylogenetic potency and informativeness of 959 UCE loci with a multi-locus data set of ten nuclear markers, by testing these two types of data and methods in their ability to resolve and date the evolutionary history of the ant subfamily Formicinae. Phylogenetic estimations show that UCEs are superior in resolving ancient and shallow relationships of formicine ants, demonstrated by increased node support and a more resolved phylogeny. Quantifications of phylogenetic informativeness further evidence a two-fold increase relative to the 10-gene data set. We were able to significantly improve formicine tribal classification based on our comprehensive UCE phylogeny for the group. Our divergence age estimations, using both UCE and Sanger data, indicate that crown-group formicine ants (104–117 Ma) are relatively older than previous studies have suggested. Biogeographic analyses infer the diversification of the subfamily as fairly spread out across all continents with no particular and apparent hub of cladogenesis. Much of the early history of the clade, however, remains uncertain due to ancient rapid divergence events unsolvable even with our genomic data. Our comparative study highlights the promise of UCEs for insect phylogenomics, as well as limitations, and will prove highly useful for the growing number of evolutionary biologists considering the transition from Sanger to next-generation sequencing approaches.		SRS1045543	WGS	NATIONAL MUSEUM OF NATURAL HISTORY, SMITHSONIAN	SRX1164856	Cataglyphis cursor	Cataglyphis cursor	2.3414	48.85717	geo_loc_name_sam	"{""geo_loc_name_country_calc"": [2.3414, 48.85717], ""geo_loc_name"": [""2.3414"", ""48.85717""]}"									173.0	214907.0	10347.0	36861490.0	126	1010323	1164	81880740	Illumina HiSeq 2500	PAIRED	Hybrid Selection	GENOMIC	Cataglyphis cursor_T797	ILLUMINA	SRP062863	2015-12-05	165	274	416	['Invertebrate']	['2011-03-07']	1	0.94	0.94	0.94	0.94
SRR11942616	0.943	PRJNA634441	SAMN15150974	Monomorium pharaonis Genome sequencing and assembly	The chromosome-level genome assembly of Monomorium pharaonis	PMC:7736795	SRS6786679	Hi-C	BGI	SRX8487089	Mono-Fresh	Monomorium pharaonis									whole body	tissue	whole body	BTO_0001489	53.0	11099326.0	3170.0	627726863.0	36	165794327	668	6293904411	BGISEQ-500	PAIRED	RANDOM	GENOMIC	CL100127726	BGISEQ	SRP266269	2020-06-08	78633	100	133268	['Model organism or animal']		0				
SRR891579	0.898	PRJNA167405	SAMN01932302	Parasteatoda tepidariorum Genome sequencing and assembly	Whole genome assembly of Parasteatoda tepidariorum (common house spider) as part of the BCM-HGSC i5k Pilot Project.	PMC:5535294,6307133,10848406	SRS436324	WGS	BCM	SRX295532	PTEP.GO-female	Parasteatoda tepidariorum	13.37691	52.51604	geo_loc_name										121.0	17699690.0	3217.0	1461675626.0	46	176312027	560	7814765471	Illumina HiSeq 2000	PAIRED	RANDOM	GENOMIC	IWG_PTI5NS.Pt-female-2-1_4mA	ILLUMINA	SRP024253	2013-06-10	30921	202	44901		['2012-02-01']	9	0.88	0.9	0.87	0.88
SRR891580	0.897	PRJNA167405	SAMN01932302	Parasteatoda tepidariorum Genome sequencing and assembly	Whole genome assembly of Parasteatoda tepidariorum (common house spider) as part of the BCM-HGSC i5k Pilot Project.	PMC:5535294,6307133,10848406	SRS436324	WGS	BCM	SRX295533	PTEP.GO-female	Parasteatoda tepidariorum	13.37691	52.51604	geo_loc_name										83.0	20817039.0	1652.0	1332032575.0	44	139676195	458	6152546507	Illumina HiSeq 2000	PAIRED	RANDOM	GENOMIC	IWG_PTI5NS.Pt-female-2-1_3mA	ILLUMINA	SRP024253	2013-06-10	21390	202	29626		['2012-02-01']	9	0.88	0.9	0.87	0.88
SRR891578	0.894	PRJNA167405	SAMN01932302	Parasteatoda tepidariorum Genome sequencing and assembly	Whole genome assembly of Parasteatoda tepidariorum (common house spider) as part of the BCM-HGSC i5k Pilot Project.	PMC:5535294,6307133,10848406	SRS436324	WGS	BCM	SRX295532	PTEP.GO-female	Parasteatoda tepidariorum	13.37691	52.51604	geo_loc_name										86.0	21713121.0	1974.0	1406092026.0	44	136116559	718	6013965826	Illumina HiSeq 2000	PAIRED	RANDOM	GENOMIC	IWG_PTI5NS.Pt-female-2-1_4mA	ILLUMINA	SRP024253	2013-06-10	19852	202	29137		['2012-02-01']	9	0.88	0.9	0.87	0.88
SRR891586	0.892	PRJNA167405	SAMN01932302	Parasteatoda tepidariorum Genome sequencing and assembly	Whole genome assembly of Parasteatoda tepidariorum (common house spider) as part of the BCM-HGSC i5k Pilot Project.	PMC:5535294,6307133,10848406	SRS436324	WGS	BCM	SRX295535	PTEP.GO-female	Parasteatoda tepidariorum	13.37691	52.51604	geo_loc_name										396.0	8214787.0	20497.0	1222429566.0	61	50249176	13927	2994513290	Illumina HiSeq 2000	PAIRED	RANDOM	GENOMIC	IWG_PTI5NS.Pt-female-2_1pA	ILLUMINA	SRP024253	2013-06-10	21767	202	34947		['2012-02-01']	9	0.88	0.9	0.87	0.88
ERR2699806	0.885	PRJEB27640	SAMEA4790990	Comparative metagenomics of controlled and uncontrolled built environments.	Antimicrobial resistance is an increasingly serious threat to global public health, but less is known how microbial control in health care or cleanroom facilities modifies the in-house microbiota and its associated resistome. To understand these human interventions, we compared the microbiota present in abiotic surfaces of clinical settings and other built environments. State-of-the-art metagenomic assembly and binning strategies as well as genome and plasmid reconstructions allowed us to determine that increased confinement and cleaning was associated with a loss of microbial diversity and a shift from Gram-positive (Actinobacteria, Firmicutes) to Gram-negative (Proteobacteria) bacteria as well as within genomes (Acinetobacter). Moreover, the microbiome of highly maintained built environments showed a completely different resistome and present a higher diversity of resistance genes than naturally unrestricted buildings. Our results highlight that the loss of microbial diversity correlates with an increase of resistances and indicate the need of implementing strategies to restore diversity to counteract propagation of resistances in the future.		ERS2610920	WGS	MEDICAL UNIVERISTY OF GRAZ	ERX2714193	SAMEA4790990	indoor metagenome	10.03109	53.95026	geographic location (latitude),geographic location (longitude)	"{""geo_loc_name_country_calc"": [13.37691, 52.51604], ""geo_loc_name"": [13.37691, 52.51604], ""INSDC center name"": [""-76.62394"", ""39.28884""]}"									193.0	4391613.0	17648.0	542745963.0	75	46428053	4100	2981807146	Illumina HiSeq 2500	PAIRED	RANDOM	METAGENOMIC	indoor shotgun metagenome	ILLUMINA	ERP109748	2019-02-08	5092	300	11429		['2014-07-07']	2	0.88	0.88	0.87	0.88
SRR891583	0.882	PRJNA167405	SAMN01932302	Parasteatoda tepidariorum Genome sequencing and assembly	Whole genome assembly of Parasteatoda tepidariorum (common house spider) as part of the BCM-HGSC i5k Pilot Project.	PMC:5535294,6307133,10848406	SRS436324	WGS	BCM	SRX295534	PTEP.GO-female	Parasteatoda tepidariorum	13.37691	52.51604	geo_loc_name										359.0	8995070.0	16084.0	1270660522.0	61	54877991	6826	3157827074	Illumina HiSeq 2000	PAIRED	RANDOM	GENOMIC	IWG_PTI5NS.Pt-female-2_2pA	ILLUMINA	SRP024253	2013-06-10	23684	202	35940		['2012-02-01']	9	0.88	0.9	0.87	0.88
SRR891581	0.873	PRJNA167405	SAMN01932302	Parasteatoda tepidariorum Genome sequencing and assembly	Whole genome assembly of Parasteatoda tepidariorum (common house spider) as part of the BCM-HGSC i5k Pilot Project.	PMC:5535294,6307133,10848406	SRS436324	WGS	BCM	SRX295534	PTEP.GO-female	Parasteatoda tepidariorum	13.37691	52.51604	geo_loc_name										217.0	3499798.0	6394.0	508546784.0	62	32080055	3191	1911800581	Illumina HiSeq 2000	PAIRED	RANDOM	GENOMIC	IWG_PTI5NS.Pt-female-2_2pA	ILLUMINA	SRP024253	2013-06-10	6049	202	8812		['2012-02-01']	9	0.88	0.9	0.87	0.88
SRR891584	0.873	PRJNA167405	SAMN01932302	Parasteatoda tepidariorum Genome sequencing and assembly	Whole genome assembly of Parasteatoda tepidariorum (common house spider) as part of the BCM-HGSC i5k Pilot Project.	PMC:5535294,6307133,10848406	SRS436324	WGS	BCM	SRX295535	PTEP.GO-female	Parasteatoda tepidariorum	13.37691	52.51604	geo_loc_name										289.0	6472802.0	4746.0	884111123.0	62	37110604	4729	2293856672	Illumina HiSeq 2000	PAIRED	RANDOM	GENOMIC	IWG_PTI5NS.Pt-female-2_1pA	ILLUMINA	SRP024253	2013-06-10	8929	202	13211		['2012-02-01']	9	0.88	0.9	0.87	0.88
SRR891585	0.871	PRJNA167405	SAMN01932302	Parasteatoda tepidariorum Genome sequencing and assembly	Whole genome assembly of Parasteatoda tepidariorum (common house spider) as part of the BCM-HGSC i5k Pilot Project.	PMC:5535294,6307133,10848406	SRS436324	WGS	BCM	SRX295535	PTEP.GO-female	Parasteatoda tepidariorum	13.37691	52.51604	geo_loc_name										261.0	5438415.0	6537.0	746385761.0	65	32734662	4435	2047310576	Illumina HiSeq 2000	PAIRED	RANDOM	GENOMIC	IWG_PTI5NS.Pt-female-2_1pA	ILLUMINA	SRP024253	2013-06-10	6101	202	10747		['2012-02-01']	9	0.88	0.9	0.87	0.88
SRR891582	0.871	PRJNA167405	SAMN01932302	Parasteatoda tepidariorum Genome sequencing and assembly	Whole genome assembly of Parasteatoda tepidariorum (common house spider) as part of the BCM-HGSC i5k Pilot Project.	PMC:5535294,6307133,10848406	SRS436324	WGS	BCM	SRX295534	PTEP.GO-female	Parasteatoda tepidariorum	13.37691	52.51604	geo_loc_name										198.0	4081979.0	6213.0	496656483.0	65	29126464	3798	1773107464	Illumina HiSeq 2000	PAIRED	RANDOM	GENOMIC	IWG_PTI5NS.Pt-female-2_2pA	ILLUMINA	SRP024253	2013-06-10	4737	202	7813		['2012-02-01']	9	0.88	0.9	0.87	0.88
ERR2699805	0.867	PRJEB27640	SAMEA4790989	Comparative metagenomics of controlled and uncontrolled built environments.	Antimicrobial resistance is an increasingly serious threat to global public health, but less is known how microbial control in health care or cleanroom facilities modifies the in-house microbiota and its associated resistome. To understand these human interventions, we compared the microbiota present in abiotic surfaces of clinical settings and other built environments. State-of-the-art metagenomic assembly and binning strategies as well as genome and plasmid reconstructions allowed us to determine that increased confinement and cleaning was associated with a loss of microbial diversity and a shift from Gram-positive (Actinobacteria, Firmicutes) to Gram-negative (Proteobacteria) bacteria as well as within genomes (Acinetobacter). Moreover, the microbiome of highly maintained built environments showed a completely different resistome and present a higher diversity of resistance genes than naturally unrestricted buildings. Our results highlight that the loss of microbial diversity correlates with an increase of resistances and indicate the need of implementing strategies to restore diversity to counteract propagation of resistances in the future.		ERS2610919	WGS	MEDICAL UNIVERISTY OF GRAZ	ERX2714192	SAMEA4790989	indoor metagenome	10.03109	53.95026	geographic location (latitude),geographic location (longitude)	"{""geo_loc_name"": [13.37691, 52.51604], ""INSDC center name"": [-76.62394, 39.28884], ""geo_loc_name_country_calc"": [""13.37691"", ""52.51604""]}"									196.0	4039860.0	27238.0	510914859.0	79	43931477	3670	2883025857	Illumina HiSeq 2500	PAIRED	RANDOM	METAGENOMIC	indoor shotgun metagenome	ILLUMINA	ERP109748	2019-02-08	4762	300	10691		['2014-07-07']	2	0.88	0.88	0.87	0.88
SRR11308370	0.855	PRJNA610161	SAMN14278894	Microvelia longipes isolate:CP-2014 Genome sequencing and assembly	Microvelia longipes genome and assembly using Illumina + PacBio + HiC data.	PMC:8112723	SRS6320335	WGA	ENS LYON	SRX7913486	Microvelia longipes genome	Microvelia longipes	-53.23431	3.92588	geo_loc_name	"{""geo_loc_name_country_calc"": [-53.23431, 3.92588], ""geo_loc_name_sam"": [""-53.23431"", ""3.92588""]}"									217.0	9346959.0	9609.0	737552097.0	39	52316152	6478	2348779608	Illumina HiSeq 2500	PAIRED	RANDOM	GENOMIC	WHADPI027383-75	ILLUMINA	SRP252854	2021-01-19	28845	296	58764	['Invertebrate']		5	0.72	0.86	0.6	0.7
SRR1631045	0.838	PRJNA46333	SAMN03025570	Gene-Environment Interactions at the Skin Surface	"16S rRNA gene sequences amplified from subjects with eczema and age-matched healthy controls.<p>Microbes living in and on humans are ten times more numerous than human cells. Culture-based methods have been the primary techniques used to study microbes inhabiting humans; however, many species are not successfully grown in culture. The NIH Roadmap for Medical Research Human Microbiome Project (HMP) aims to investigate the microbes in the gastrointestinal tract, oral cavity, skin, vagina, and nares. The goal of the HMP is to comprehensively characterize the human microbiota and analyze its role in human health and disease.<p>The skin serves not only as a barrier against invading pathogens and moisture loss, but also as a host to microbial communities. The skin of an adult is an approximately 2 square meter surface with a myriad of microenvironments.  Atopic dermatitis (AD), more commonly known as eczema, is a common skin disorder that is exacerbated by Staphylococcus aureus colonization.  This study aims to investigate the skin microbiota of AD patients at specific timepoints (quiescence, disease flares, and post-treatment) to examine how disease state correlates with changes in the skin microflora.   <p>The 16S small subunit ribosomal (rRNA) gene is present in every bacterial cell, serving as a universal marker. The gene is sufficiently conserved to allow accurate alignment but adequately varied to enable phylogenetic analyses. Sequencing via 16S rRNA-based phylotyping has been used to survey the bacterial microbes on the skin.  Initially, we will examine the bacterial diversity associated with AD using a 16S rRNA survey and later broadening to include fungi, viruses, archaea and mites. In addition, bacteria will be cultured on a wide variety of media and isolates representing both abundant and novel species will be selected for whole genome sequencing.<p>To characterize fungal diversity, we utilize two phylogenetic markers within the rDNA region: 18S rRNA and the Intervening Internal Transcribed Spacer (ITS) region.  Full microbial diversity will be explored with shotgun metagenomic sequencing."	PMC:7945042,10151067,10541010,9600381,5666146,7857535,7488429,6833257,9667708,10591041,10609127;PubMed:34083435,22310478,23698366,37054678,28679656	SRS731427	WGS	NISC	SRX743730	MET0206	human skin metagenome	-77.09471	38.98465	lat_lon	"{""geo_loc_name"":[-77.03196,38.89036],""geo_loc_name_sam"":[-77.03196,38.89036],""geo_loc_name_country_calc"":[-77.03196,38.89036]}"									112.0	1413633.0	4948.0	93299511.0	54	24206931	1213	1194275142	Illumina HiSeq 2000	PAIRED	RANDOM	METAGENOMIC	Met0206_1_L4396744	ILLUMINA	SRP002480	2014-10-30	2588	202	3743	['MIMS.me' 'MIGS/MIMS/MIMARKS.human-skin']	['2013-01-16']	79	0.78	0.84	0.52	0.8
SRR1631051	0.835	PRJNA46333	SAMN03025570	Gene-Environment Interactions at the Skin Surface	"16S rRNA gene sequences amplified from subjects with eczema and age-matched healthy controls.<p>Microbes living in and on humans are ten times more numerous than human cells. Culture-based methods have been the primary techniques used to study microbes inhabiting humans; however, many species are not successfully grown in culture. The NIH Roadmap for Medical Research Human Microbiome Project (HMP) aims to investigate the microbes in the gastrointestinal tract, oral cavity, skin, vagina, and nares. The goal of the HMP is to comprehensively characterize the human microbiota and analyze its role in human health and disease.<p>The skin serves not only as a barrier against invading pathogens and moisture loss, but also as a host to microbial communities. The skin of an adult is an approximately 2 square meter surface with a myriad of microenvironments.  Atopic dermatitis (AD), more commonly known as eczema, is a common skin disorder that is exacerbated by Staphylococcus aureus colonization.  This study aims to investigate the skin microbiota of AD patients at specific timepoints (quiescence, disease flares, and post-treatment) to examine how disease state correlates with changes in the skin microflora.   <p>The 16S small subunit ribosomal (rRNA) gene is present in every bacterial cell, serving as a universal marker. The gene is sufficiently conserved to allow accurate alignment but adequately varied to enable phylogenetic analyses. Sequencing via 16S rRNA-based phylotyping has been used to survey the bacterial microbes on the skin.  Initially, we will examine the bacterial diversity associated with AD using a 16S rRNA survey and later broadening to include fungi, viruses, archaea and mites. In addition, bacteria will be cultured on a wide variety of media and isolates representing both abundant and novel species will be selected for whole genome sequencing.<p>To characterize fungal diversity, we utilize two phylogenetic markers within the rDNA region: 18S rRNA and the Intervening Internal Transcribed Spacer (ITS) region.  Full microbial diversity will be explored with shotgun metagenomic sequencing."	PMC:7945042,10151067,10541010,9600381,5666146,7857535,7488429,6833257,9667708,10591041,10609127;PubMed:34083435,22310478,23698366,37054678,28679656	SRS731427	WGS	NISC	SRX743730	MET0206	human skin metagenome	-77.09471	38.98465	lat_lon	"{""geo_loc_name"":[-77.03196,38.89036],""geo_loc_name_sam"":[-77.03196,38.89036],""geo_loc_name_country_calc"":[-77.03196,38.89036]}"									60.0	2384039.0	4519.0	132401988.0	54	27273268	1054	1347802197	Illumina HiSeq 2000	PAIRED	RANDOM	METAGENOMIC	Met0206_1_L4396744	ILLUMINA	SRP002480	2014-10-30	2797	202	4232	['MIMS.me' 'MIGS/MIMS/MIMARKS.human-skin']	['2013-01-16']	79	0.78	0.84	0.52	0.8
SRR1631049	0.835	PRJNA46333	SAMN03025570	Gene-Environment Interactions at the Skin Surface	"16S rRNA gene sequences amplified from subjects with eczema and age-matched healthy controls.<p>Microbes living in and on humans are ten times more numerous than human cells. Culture-based methods have been the primary techniques used to study microbes inhabiting humans; however, many species are not successfully grown in culture. The NIH Roadmap for Medical Research Human Microbiome Project (HMP) aims to investigate the microbes in the gastrointestinal tract, oral cavity, skin, vagina, and nares. The goal of the HMP is to comprehensively characterize the human microbiota and analyze its role in human health and disease.<p>The skin serves not only as a barrier against invading pathogens and moisture loss, but also as a host to microbial communities. The skin of an adult is an approximately 2 square meter surface with a myriad of microenvironments.  Atopic dermatitis (AD), more commonly known as eczema, is a common skin disorder that is exacerbated by Staphylococcus aureus colonization.  This study aims to investigate the skin microbiota of AD patients at specific timepoints (quiescence, disease flares, and post-treatment) to examine how disease state correlates with changes in the skin microflora.   <p>The 16S small subunit ribosomal (rRNA) gene is present in every bacterial cell, serving as a universal marker. The gene is sufficiently conserved to allow accurate alignment but adequately varied to enable phylogenetic analyses. Sequencing via 16S rRNA-based phylotyping has been used to survey the bacterial microbes on the skin.  Initially, we will examine the bacterial diversity associated with AD using a 16S rRNA survey and later broadening to include fungi, viruses, archaea and mites. In addition, bacteria will be cultured on a wide variety of media and isolates representing both abundant and novel species will be selected for whole genome sequencing.<p>To characterize fungal diversity, we utilize two phylogenetic markers within the rDNA region: 18S rRNA and the Intervening Internal Transcribed Spacer (ITS) region.  Full microbial diversity will be explored with shotgun metagenomic sequencing."	PMC:7945042,10151067,10541010,9600381,5666146,7857535,7488429,6833257,9667708,10591041,10609127;PubMed:34083435,22310478,23698366,37054678,28679656	SRS731427	WGS	NISC	SRX743730	MET0206	human skin metagenome	-77.09471	38.98465	lat_lon	"{""geo_loc_name"":[-77.03196,38.89036],""geo_loc_name_sam"":[-77.03196,38.89036],""geo_loc_name_country_calc"":[-77.03196,38.89036]}"									76.0	2166487.0	4670.0	124149830.0	54	27074916	1044	1335130110	Illumina HiSeq 2000	PAIRED	RANDOM	METAGENOMIC	Met0206_1_L4396744	ILLUMINA	SRP002480	2014-10-30	2752	202	4191	['MIMS.me' 'MIGS/MIMS/MIMARKS.human-skin']	['2013-01-16']	79	0.78	0.84	0.52	0.8
SRR1631062	0.834	PRJNA46333	SAMN03025571	Gene-Environment Interactions at the Skin Surface	"16S rRNA gene sequences amplified from subjects with eczema and age-matched healthy controls.<p>Microbes living in and on humans are ten times more numerous than human cells. Culture-based methods have been the primary techniques used to study microbes inhabiting humans; however, many species are not successfully grown in culture. The NIH Roadmap for Medical Research Human Microbiome Project (HMP) aims to investigate the microbes in the gastrointestinal tract, oral cavity, skin, vagina, and nares. The goal of the HMP is to comprehensively characterize the human microbiota and analyze its role in human health and disease.<p>The skin serves not only as a barrier against invading pathogens and moisture loss, but also as a host to microbial communities. The skin of an adult is an approximately 2 square meter surface with a myriad of microenvironments.  Atopic dermatitis (AD), more commonly known as eczema, is a common skin disorder that is exacerbated by Staphylococcus aureus colonization.  This study aims to investigate the skin microbiota of AD patients at specific timepoints (quiescence, disease flares, and post-treatment) to examine how disease state correlates with changes in the skin microflora.   <p>The 16S small subunit ribosomal (rRNA) gene is present in every bacterial cell, serving as a universal marker. The gene is sufficiently conserved to allow accurate alignment but adequately varied to enable phylogenetic analyses. Sequencing via 16S rRNA-based phylotyping has been used to survey the bacterial microbes on the skin.  Initially, we will examine the bacterial diversity associated with AD using a 16S rRNA survey and later broadening to include fungi, viruses, archaea and mites. In addition, bacteria will be cultured on a wide variety of media and isolates representing both abundant and novel species will be selected for whole genome sequencing.<p>To characterize fungal diversity, we utilize two phylogenetic markers within the rDNA region: 18S rRNA and the Intervening Internal Transcribed Spacer (ITS) region.  Full microbial diversity will be explored with shotgun metagenomic sequencing."	PMC:7945042,10151067,10541010,9600381,5666146,7857535,7488429,6833257,9667708,10591041,10609127;PubMed:34083435,22310478,23698366,37054678,28679656	SRS731428	WGS	NISC	SRX743731	MET0207	human skin metagenome	-77.09471	38.98465	lat_lon	"{""geo_loc_name"":[-77.03196,38.89036],""geo_loc_name_country_calc"":[-77.03196,38.89036],""geo_loc_name_sam"":[-77.03196,38.89036]}"									187.0	1051310.0	11388.0	104652191.0	66	26118546	1713	1436024910	Illumina HiSeq 2000	PAIRED	RANDOM	METAGENOMIC	Met0207_1_L4396746	ILLUMINA	SRP002480	2014-10-30	3429	202	5261	['MIMS.me' 'MIGS/MIMS/MIMARKS.human-skin']	['2013-01-16']	79	0.78	0.84	0.52	0.8
SRR1631060	0.834	PRJNA46333	SAMN03025571	Gene-Environment Interactions at the Skin Surface	"16S rRNA gene sequences amplified from subjects with eczema and age-matched healthy controls.<p>Microbes living in and on humans are ten times more numerous than human cells. Culture-based methods have been the primary techniques used to study microbes inhabiting humans; however, many species are not successfully grown in culture. The NIH Roadmap for Medical Research Human Microbiome Project (HMP) aims to investigate the microbes in the gastrointestinal tract, oral cavity, skin, vagina, and nares. The goal of the HMP is to comprehensively characterize the human microbiota and analyze its role in human health and disease.<p>The skin serves not only as a barrier against invading pathogens and moisture loss, but also as a host to microbial communities. The skin of an adult is an approximately 2 square meter surface with a myriad of microenvironments.  Atopic dermatitis (AD), more commonly known as eczema, is a common skin disorder that is exacerbated by Staphylococcus aureus colonization.  This study aims to investigate the skin microbiota of AD patients at specific timepoints (quiescence, disease flares, and post-treatment) to examine how disease state correlates with changes in the skin microflora.   <p>The 16S small subunit ribosomal (rRNA) gene is present in every bacterial cell, serving as a universal marker. The gene is sufficiently conserved to allow accurate alignment but adequately varied to enable phylogenetic analyses. Sequencing via 16S rRNA-based phylotyping has been used to survey the bacterial microbes on the skin.  Initially, we will examine the bacterial diversity associated with AD using a 16S rRNA survey and later broadening to include fungi, viruses, archaea and mites. In addition, bacteria will be cultured on a wide variety of media and isolates representing both abundant and novel species will be selected for whole genome sequencing.<p>To characterize fungal diversity, we utilize two phylogenetic markers within the rDNA region: 18S rRNA and the Intervening Internal Transcribed Spacer (ITS) region.  Full microbial diversity will be explored with shotgun metagenomic sequencing."	PMC:7945042,10151067,10541010,9600381,5666146,7857535,7488429,6833257,9667708,10591041,10609127;PubMed:34083435,22310478,23698366,37054678,28679656	SRS731428	WGS	NISC	SRX743731	MET0207	human skin metagenome	-77.09471	38.98465	lat_lon	"{""geo_loc_name"":[-77.03196,38.89036],""geo_loc_name_country_calc"":[-77.03196,38.89036],""geo_loc_name_sam"":[-77.03196,38.89036]}"									170.0	1278144.0	10422.0	106397467.0	66	24392343	1760	1337571461	Illumina HiSeq 2000	PAIRED	RANDOM	METAGENOMIC	Met0207_1_L4396746	ILLUMINA	SRP002480	2014-10-30	3345	202	4884	['MIMS.me' 'MIGS/MIMS/MIMARKS.human-skin']	['2013-01-16']	79	0.78	0.84	0.52	0.8
SRR1631047	0.831	PRJNA46333	SAMN03025570	Gene-Environment Interactions at the Skin Surface	"16S rRNA gene sequences amplified from subjects with eczema and age-matched healthy controls.<p>Microbes living in and on humans are ten times more numerous than human cells. Culture-based methods have been the primary techniques used to study microbes inhabiting humans; however, many species are not successfully grown in culture. The NIH Roadmap for Medical Research Human Microbiome Project (HMP) aims to investigate the microbes in the gastrointestinal tract, oral cavity, skin, vagina, and nares. The goal of the HMP is to comprehensively characterize the human microbiota and analyze its role in human health and disease.<p>The skin serves not only as a barrier against invading pathogens and moisture loss, but also as a host to microbial communities. The skin of an adult is an approximately 2 square meter surface with a myriad of microenvironments.  Atopic dermatitis (AD), more commonly known as eczema, is a common skin disorder that is exacerbated by Staphylococcus aureus colonization.  This study aims to investigate the skin microbiota of AD patients at specific timepoints (quiescence, disease flares, and post-treatment) to examine how disease state correlates with changes in the skin microflora.   <p>The 16S small subunit ribosomal (rRNA) gene is present in every bacterial cell, serving as a universal marker. The gene is sufficiently conserved to allow accurate alignment but adequately varied to enable phylogenetic analyses. Sequencing via 16S rRNA-based phylotyping has been used to survey the bacterial microbes on the skin.  Initially, we will examine the bacterial diversity associated with AD using a 16S rRNA survey and later broadening to include fungi, viruses, archaea and mites. In addition, bacteria will be cultured on a wide variety of media and isolates representing both abundant and novel species will be selected for whole genome sequencing.<p>To characterize fungal diversity, we utilize two phylogenetic markers within the rDNA region: 18S rRNA and the Intervening Internal Transcribed Spacer (ITS) region.  Full microbial diversity will be explored with shotgun metagenomic sequencing."	PMC:7945042,10151067,10541010,9600381,5666146,7857535,7488429,6833257,9667708,10591041,10609127;PubMed:34083435,22310478,23698366,37054678,28679656	SRS731427	WGS	NISC	SRX743730	MET0206	human skin metagenome	-77.09471	38.98465	lat_lon	"{""geo_loc_name"":[-77.03196,38.89036],""geo_loc_name_sam"":[-77.03196,38.89036],""geo_loc_name_country_calc"":[-77.03196,38.89036]}"									49.0	2291575.0	3783.0	123003980.0	54	24211933	1059	1195747846	Illumina HiSeq 2000	PAIRED	RANDOM	METAGENOMIC	Met0206_1_L4396744	ILLUMINA	SRP002480	2014-10-30	2609	202	3754	['MIMS.me' 'MIGS/MIMS/MIMARKS.human-skin']	['2013-01-16']	79	0.78	0.84	0.52	0.8
SRR1631058	0.827	PRJNA46333	SAMN03025571	Gene-Environment Interactions at the Skin Surface	"16S rRNA gene sequences amplified from subjects with eczema and age-matched healthy controls.<p>Microbes living in and on humans are ten times more numerous than human cells. Culture-based methods have been the primary techniques used to study microbes inhabiting humans; however, many species are not successfully grown in culture. The NIH Roadmap for Medical Research Human Microbiome Project (HMP) aims to investigate the microbes in the gastrointestinal tract, oral cavity, skin, vagina, and nares. The goal of the HMP is to comprehensively characterize the human microbiota and analyze its role in human health and disease.<p>The skin serves not only as a barrier against invading pathogens and moisture loss, but also as a host to microbial communities. The skin of an adult is an approximately 2 square meter surface with a myriad of microenvironments.  Atopic dermatitis (AD), more commonly known as eczema, is a common skin disorder that is exacerbated by Staphylococcus aureus colonization.  This study aims to investigate the skin microbiota of AD patients at specific timepoints (quiescence, disease flares, and post-treatment) to examine how disease state correlates with changes in the skin microflora.   <p>The 16S small subunit ribosomal (rRNA) gene is present in every bacterial cell, serving as a universal marker. The gene is sufficiently conserved to allow accurate alignment but adequately varied to enable phylogenetic analyses. Sequencing via 16S rRNA-based phylotyping has been used to survey the bacterial microbes on the skin.  Initially, we will examine the bacterial diversity associated with AD using a 16S rRNA survey and later broadening to include fungi, viruses, archaea and mites. In addition, bacteria will be cultured on a wide variety of media and isolates representing both abundant and novel species will be selected for whole genome sequencing.<p>To characterize fungal diversity, we utilize two phylogenetic markers within the rDNA region: 18S rRNA and the Intervening Internal Transcribed Spacer (ITS) region.  Full microbial diversity will be explored with shotgun metagenomic sequencing."	PMC:7945042,10151067,10541010,9600381,5666146,7857535,7488429,6833257,9667708,10591041,10609127;PubMed:34083435,22310478,23698366,37054678,28679656	SRS731428	WGS	NISC	SRX743731	MET0207	human skin metagenome	-77.09471	38.98465	lat_lon	"{""geo_loc_name"":[-77.03196,38.89036],""geo_loc_name_country_calc"":[-77.03196,38.89036],""geo_loc_name_sam"":[-77.03196,38.89036]}"									166.0	1389643.0	8084.0	112124863.0	65	25259296	1654	1382516648	Illumina HiSeq 2000	PAIRED	RANDOM	METAGENOMIC	Met0207_1_L4396746	ILLUMINA	SRP002480	2014-10-30	3428	202	5035	['MIMS.me' 'MIGS/MIMS/MIMARKS.human-skin']	['2013-01-16']	79	0.78	0.84	0.52	0.8
SRR1631052	0.826	PRJNA46333	SAMN03025570	Gene-Environment Interactions at the Skin Surface	"16S rRNA gene sequences amplified from subjects with eczema and age-matched healthy controls.<p>Microbes living in and on humans are ten times more numerous than human cells. Culture-based methods have been the primary techniques used to study microbes inhabiting humans; however, many species are not successfully grown in culture. The NIH Roadmap for Medical Research Human Microbiome Project (HMP) aims to investigate the microbes in the gastrointestinal tract, oral cavity, skin, vagina, and nares. The goal of the HMP is to comprehensively characterize the human microbiota and analyze its role in human health and disease.<p>The skin serves not only as a barrier against invading pathogens and moisture loss, but also as a host to microbial communities. The skin of an adult is an approximately 2 square meter surface with a myriad of microenvironments.  Atopic dermatitis (AD), more commonly known as eczema, is a common skin disorder that is exacerbated by Staphylococcus aureus colonization.  This study aims to investigate the skin microbiota of AD patients at specific timepoints (quiescence, disease flares, and post-treatment) to examine how disease state correlates with changes in the skin microflora.   <p>The 16S small subunit ribosomal (rRNA) gene is present in every bacterial cell, serving as a universal marker. The gene is sufficiently conserved to allow accurate alignment but adequately varied to enable phylogenetic analyses. Sequencing via 16S rRNA-based phylotyping has been used to survey the bacterial microbes on the skin.  Initially, we will examine the bacterial diversity associated with AD using a 16S rRNA survey and later broadening to include fungi, viruses, archaea and mites. In addition, bacteria will be cultured on a wide variety of media and isolates representing both abundant and novel species will be selected for whole genome sequencing.<p>To characterize fungal diversity, we utilize two phylogenetic markers within the rDNA region: 18S rRNA and the Intervening Internal Transcribed Spacer (ITS) region.  Full microbial diversity will be explored with shotgun metagenomic sequencing."	PMC:7945042,10151067,10541010,9600381,5666146,7857535,7488429,6833257,9667708,10591041,10609127;PubMed:34083435,22310478,23698366,37054678,28679656	SRS731427	WGS	NISC	SRX743730	MET0206	human skin metagenome	-77.09471	38.98465	lat_lon	"{""geo_loc_name"":[-77.03196,38.89036],""geo_loc_name_sam"":[-77.03196,38.89036],""geo_loc_name_country_calc"":[-77.03196,38.89036]}"									93.0	1954368.0	3812.0	118535647.0	54	27774896	1168	1369714468	Illumina HiSeq 2000	PAIRED	RANDOM	METAGENOMIC	Met0206_1_L4396744	ILLUMINA	SRP002480	2014-10-30	2851	202	4316	['MIMS.me' 'MIGS/MIMS/MIMARKS.human-skin']	['2013-01-16']	79	0.78	0.84	0.52	0.8
SRR1631048	0.825	PRJNA46333	SAMN03025570	Gene-Environment Interactions at the Skin Surface	"16S rRNA gene sequences amplified from subjects with eczema and age-matched healthy controls.<p>Microbes living in and on humans are ten times more numerous than human cells. Culture-based methods have been the primary techniques used to study microbes inhabiting humans; however, many species are not successfully grown in culture. The NIH Roadmap for Medical Research Human Microbiome Project (HMP) aims to investigate the microbes in the gastrointestinal tract, oral cavity, skin, vagina, and nares. The goal of the HMP is to comprehensively characterize the human microbiota and analyze its role in human health and disease.<p>The skin serves not only as a barrier against invading pathogens and moisture loss, but also as a host to microbial communities. The skin of an adult is an approximately 2 square meter surface with a myriad of microenvironments.  Atopic dermatitis (AD), more commonly known as eczema, is a common skin disorder that is exacerbated by Staphylococcus aureus colonization.  This study aims to investigate the skin microbiota of AD patients at specific timepoints (quiescence, disease flares, and post-treatment) to examine how disease state correlates with changes in the skin microflora.   <p>The 16S small subunit ribosomal (rRNA) gene is present in every bacterial cell, serving as a universal marker. The gene is sufficiently conserved to allow accurate alignment but adequately varied to enable phylogenetic analyses. Sequencing via 16S rRNA-based phylotyping has been used to survey the bacterial microbes on the skin.  Initially, we will examine the bacterial diversity associated with AD using a 16S rRNA survey and later broadening to include fungi, viruses, archaea and mites. In addition, bacteria will be cultured on a wide variety of media and isolates representing both abundant and novel species will be selected for whole genome sequencing.<p>To characterize fungal diversity, we utilize two phylogenetic markers within the rDNA region: 18S rRNA and the Intervening Internal Transcribed Spacer (ITS) region.  Full microbial diversity will be explored with shotgun metagenomic sequencing."	PMC:7945042,10151067,10541010,9600381,5666146,7857535,7488429,6833257,9667708,10591041,10609127;PubMed:34083435,22310478,23698366,37054678,28679656	SRS731427	WGS	NISC	SRX743730	MET0206	human skin metagenome	-77.09471	38.98465	lat_lon	"{""geo_loc_name"":[-77.03196,38.89036],""geo_loc_name_sam"":[-77.03196,38.89036],""geo_loc_name_country_calc"":[-77.03196,38.89036]}"									70.0	2166419.0	4269.0	122899930.0	54	26129207	1008	1291612127	Illumina HiSeq 2000	PAIRED	RANDOM	METAGENOMIC	Met0206_1_L4396744	ILLUMINA	SRP002480	2014-10-30	2684	202	4047	['MIMS.me' 'MIGS/MIMS/MIMARKS.human-skin']	['2013-01-16']	79	0.78	0.84	0.52	0.8
SRR5602513	0.825	PRJNA386859	SAMN07136290	The evolution of small RNA pathways across the arthropods	A comparison of somatic and germline small RNA pathways across the arthropods	PMC:5732027	SRS2225852	RNA-Seq	UNIVERSITY OF CAMBRIDGE	SRX2855099	Centruroides sculpturatus female germline	Centruroides sculpturatus	-77.03196	38.89036	geo_loc_name	"{""geo_loc_name_sam"": [-77.03196, 38.89036], ""geo_loc_name_country_calc"": [""-77.03196"", ""38.89036""]}"									194.0	2889880.0	5377.0	268543941.0	42	46063691	1059	1961735602	Illumina HiSeq 4000	PAIRED	RANDOM	TRANSCRIPTOMIC	CscuFGrnaseq	ILLUMINA	SRP107945	2017-10-16	6479	300	18589	['Invertebrate']		4	0.81	0.82	0.8	0.8
SRR3187747	0.825	PRJNA46333	SAMN04360068	Gene-Environment Interactions at the Skin Surface	"16S rRNA gene sequences amplified from subjects with eczema and age-matched healthy controls.<p>Microbes living in and on humans are ten times more numerous than human cells. Culture-based methods have been the primary techniques used to study microbes inhabiting humans; however, many species are not successfully grown in culture. The NIH Roadmap for Medical Research Human Microbiome Project (HMP) aims to investigate the microbes in the gastrointestinal tract, oral cavity, skin, vagina, and nares. The goal of the HMP is to comprehensively characterize the human microbiota and analyze its role in human health and disease.<p>The skin serves not only as a barrier against invading pathogens and moisture loss, but also as a host to microbial communities. The skin of an adult is an approximately 2 square meter surface with a myriad of microenvironments.  Atopic dermatitis (AD), more commonly known as eczema, is a common skin disorder that is exacerbated by Staphylococcus aureus colonization.  This study aims to investigate the skin microbiota of AD patients at specific timepoints (quiescence, disease flares, and post-treatment) to examine how disease state correlates with changes in the skin microflora.   <p>The 16S small subunit ribosomal (rRNA) gene is present in every bacterial cell, serving as a universal marker. The gene is sufficiently conserved to allow accurate alignment but adequately varied to enable phylogenetic analyses. Sequencing via 16S rRNA-based phylotyping has been used to survey the bacterial microbes on the skin.  Initially, we will examine the bacterial diversity associated with AD using a 16S rRNA survey and later broadening to include fungi, viruses, archaea and mites. In addition, bacteria will be cultured on a wide variety of media and isolates representing both abundant and novel species will be selected for whole genome sequencing.<p>To characterize fungal diversity, we utilize two phylogenetic markers within the rDNA region: 18S rRNA and the Intervening Internal Transcribed Spacer (ITS) region.  Full microbial diversity will be explored with shotgun metagenomic sequencing."	PMC:7945042,10151067,10541010,9600381,5666146,7857535,7488429,6833257,9667708,10591041,10609127;PubMed:34083435,22310478,23698366,37054678,28679656	SRS1310464	WGS	NISC	SRX1600518	MET0709	human skin metagenome	-77.09471	38.98465	lat_lon	"{""geo_loc_name"":[-77.03196,38.89036],""geo_loc_name_sam"":[-77.03196,38.89036],""geo_loc_name_country_calc"":[-77.03196,38.89036]}"									32.0	849113.0	862.0	31912703.0	42	6259725	450	268547773	Illumina HiSeq 2000	PAIRED	RANDOM	METAGENOMIC	AJD0185_1_L7161106	ILLUMINA	SRP002480	2016-05-01	526	202	734	['MIMS.me' 'MIGS/MIMS/MIMARKS.human-skin']	['2014-04-02']	79	0.78	0.84	0.52	0.8
SRR1631069	0.82	PRJNA46333	SAMN03025571	Gene-Environment Interactions at the Skin Surface	"16S rRNA gene sequences amplified from subjects with eczema and age-matched healthy controls.<p>Microbes living in and on humans are ten times more numerous than human cells. Culture-based methods have been the primary techniques used to study microbes inhabiting humans; however, many species are not successfully grown in culture. The NIH Roadmap for Medical Research Human Microbiome Project (HMP) aims to investigate the microbes in the gastrointestinal tract, oral cavity, skin, vagina, and nares. The goal of the HMP is to comprehensively characterize the human microbiota and analyze its role in human health and disease.<p>The skin serves not only as a barrier against invading pathogens and moisture loss, but also as a host to microbial communities. The skin of an adult is an approximately 2 square meter surface with a myriad of microenvironments.  Atopic dermatitis (AD), more commonly known as eczema, is a common skin disorder that is exacerbated by Staphylococcus aureus colonization.  This study aims to investigate the skin microbiota of AD patients at specific timepoints (quiescence, disease flares, and post-treatment) to examine how disease state correlates with changes in the skin microflora.   <p>The 16S small subunit ribosomal (rRNA) gene is present in every bacterial cell, serving as a universal marker. The gene is sufficiently conserved to allow accurate alignment but adequately varied to enable phylogenetic analyses. Sequencing via 16S rRNA-based phylotyping has been used to survey the bacterial microbes on the skin.  Initially, we will examine the bacterial diversity associated with AD using a 16S rRNA survey and later broadening to include fungi, viruses, archaea and mites. In addition, bacteria will be cultured on a wide variety of media and isolates representing both abundant and novel species will be selected for whole genome sequencing.<p>To characterize fungal diversity, we utilize two phylogenetic markers within the rDNA region: 18S rRNA and the Intervening Internal Transcribed Spacer (ITS) region.  Full microbial diversity will be explored with shotgun metagenomic sequencing."	PMC:7945042,10151067,10541010,9600381,5666146,7857535,7488429,6833257,9667708,10591041,10609127;PubMed:34083435,22310478,23698366,37054678,28679656	SRS731428	WGS	NISC	SRX743731	MET0207	human skin metagenome	-77.09471	38.98465	lat_lon	"{""geo_loc_name"":[-77.03196,38.89036],""geo_loc_name_country_calc"":[-77.03196,38.89036],""geo_loc_name_sam"":[-77.03196,38.89036]}"									174.0	1263849.0	12979.0	111330152.0	66	25916149	1765	1426697727	Illumina HiSeq 2000	PAIRED	RANDOM	METAGENOMIC	Met0207_1_L4396746	ILLUMINA	SRP002480	2014-10-30	3393	202	5205	['MIMS.me' 'MIGS/MIMS/MIMARKS.human-skin']	['2013-01-16']	79	0.78	0.84	0.52	0.8
SRR1631061	0.816	PRJNA46333	SAMN03025571	Gene-Environment Interactions at the Skin Surface	"16S rRNA gene sequences amplified from subjects with eczema and age-matched healthy controls.<p>Microbes living in and on humans are ten times more numerous than human cells. Culture-based methods have been the primary techniques used to study microbes inhabiting humans; however, many species are not successfully grown in culture. The NIH Roadmap for Medical Research Human Microbiome Project (HMP) aims to investigate the microbes in the gastrointestinal tract, oral cavity, skin, vagina, and nares. The goal of the HMP is to comprehensively characterize the human microbiota and analyze its role in human health and disease.<p>The skin serves not only as a barrier against invading pathogens and moisture loss, but also as a host to microbial communities. The skin of an adult is an approximately 2 square meter surface with a myriad of microenvironments.  Atopic dermatitis (AD), more commonly known as eczema, is a common skin disorder that is exacerbated by Staphylococcus aureus colonization.  This study aims to investigate the skin microbiota of AD patients at specific timepoints (quiescence, disease flares, and post-treatment) to examine how disease state correlates with changes in the skin microflora.   <p>The 16S small subunit ribosomal (rRNA) gene is present in every bacterial cell, serving as a universal marker. The gene is sufficiently conserved to allow accurate alignment but adequately varied to enable phylogenetic analyses. Sequencing via 16S rRNA-based phylotyping has been used to survey the bacterial microbes on the skin.  Initially, we will examine the bacterial diversity associated with AD using a 16S rRNA survey and later broadening to include fungi, viruses, archaea and mites. In addition, bacteria will be cultured on a wide variety of media and isolates representing both abundant and novel species will be selected for whole genome sequencing.<p>To characterize fungal diversity, we utilize two phylogenetic markers within the rDNA region: 18S rRNA and the Intervening Internal Transcribed Spacer (ITS) region.  Full microbial diversity will be explored with shotgun metagenomic sequencing."	PMC:7945042,10151067,10541010,9600381,5666146,7857535,7488429,6833257,9667708,10591041,10609127;PubMed:34083435,22310478,23698366,37054678,28679656	SRS731428	WGS	NISC	SRX743731	MET0207	human skin metagenome	-77.09471	38.98465	lat_lon	"{""geo_loc_name"":[-77.03196,38.89036],""geo_loc_name_country_calc"":[-77.03196,38.89036],""geo_loc_name_sam"":[-77.03196,38.89036]}"									173.0	1241374.0	14378.0	106506593.0	65	25090887	1897	1372475246	Illumina HiSeq 2000	PAIRED	RANDOM	METAGENOMIC	Met0207_1_L4396746	ILLUMINA	SRP002480	2014-10-30	3439	202	5012	['MIMS.me' 'MIGS/MIMS/MIMARKS.human-skin']	['2013-01-16']	79	0.78	0.84	0.52	0.8
SRR17534282	0.815	PRJNA604820	SAMN21207641	Skin metagenome from antibiotics treated healthy human subjects	Systemic antibiotics are widely prescribed for infectious as well as cutaneous etiologies, ranging from cellulitis, abscesses, and impetigo, to acne. However, the effects of antibiotics on skin microbial communities are not well understood. Here, we administered four antibiotic regimens [doxycycline (20mg or 100mg twice daily for 56 days), cephalexin (500mg three times daily for 14 days), or trimethoprim/sulfamethoxazole (TMP/SMX, 160/800 mg twice daily for 14 days), n=3-4 for each regimen], which are commonly used in dermatology, to healthy human volunteers. Swabs from multiple skin and oral sites and stool samples were collected before, during, and up to 1 year after antibiotic use, and shotgun metagenomic sequencing performed.	PMC:10591041,10609127;PubMed:34936382	SRS11579832	WGS	NISC	SRX13704057	Subject12_Ac_D14	human skin metagenome	-77.09471	38.98465	lat_lon	"{""geo_loc_name_country_calc"": [-77.03196, 38.89036], ""geo_loc_name"": [-77.03196, 38.89036], ""geo_loc_name_sam"": [""-77.03196"", ""38.89036""]}"									124.0	1088621.0	8325.0	77668595.0	61	14246653	1316	767748166	Illumina HiSeq 2500	PAIRED	RANDOM	METAGENOMIC	ASF0679_1_L13890436	ILLUMINA	SRP352341	2022-01-12	1175	252	2553	['MIMS.me' 'MIGS/MIMS/MIMARKS.human-skin']	['2013-04-17']	79	0.78	0.84	0.52	0.8
SRR1631046	0.815	PRJNA46333	SAMN03025570	Gene-Environment Interactions at the Skin Surface	"16S rRNA gene sequences amplified from subjects with eczema and age-matched healthy controls.<p>Microbes living in and on humans are ten times more numerous than human cells. Culture-based methods have been the primary techniques used to study microbes inhabiting humans; however, many species are not successfully grown in culture. The NIH Roadmap for Medical Research Human Microbiome Project (HMP) aims to investigate the microbes in the gastrointestinal tract, oral cavity, skin, vagina, and nares. The goal of the HMP is to comprehensively characterize the human microbiota and analyze its role in human health and disease.<p>The skin serves not only as a barrier against invading pathogens and moisture loss, but also as a host to microbial communities. The skin of an adult is an approximately 2 square meter surface with a myriad of microenvironments.  Atopic dermatitis (AD), more commonly known as eczema, is a common skin disorder that is exacerbated by Staphylococcus aureus colonization.  This study aims to investigate the skin microbiota of AD patients at specific timepoints (quiescence, disease flares, and post-treatment) to examine how disease state correlates with changes in the skin microflora.   <p>The 16S small subunit ribosomal (rRNA) gene is present in every bacterial cell, serving as a universal marker. The gene is sufficiently conserved to allow accurate alignment but adequately varied to enable phylogenetic analyses. Sequencing via 16S rRNA-based phylotyping has been used to survey the bacterial microbes on the skin.  Initially, we will examine the bacterial diversity associated with AD using a 16S rRNA survey and later broadening to include fungi, viruses, archaea and mites. In addition, bacteria will be cultured on a wide variety of media and isolates representing both abundant and novel species will be selected for whole genome sequencing.<p>To characterize fungal diversity, we utilize two phylogenetic markers within the rDNA region: 18S rRNA and the Intervening Internal Transcribed Spacer (ITS) region.  Full microbial diversity will be explored with shotgun metagenomic sequencing."	PMC:7945042,10151067,10541010,9600381,5666146,7857535,7488429,6833257,9667708,10591041,10609127;PubMed:34083435,22310478,23698366,37054678,28679656	SRS731427	WGS	NISC	SRX743730	MET0206	human skin metagenome	-77.09471	38.98465	lat_lon	"{""geo_loc_name"":[-77.03196,38.89036],""geo_loc_name_sam"":[-77.03196,38.89036],""geo_loc_name_country_calc"":[-77.03196,38.89036]}"									78.0	1885427.0	5571.0	108927031.0	54	23925369	939	1183330026	Illumina HiSeq 2000	PAIRED	RANDOM	METAGENOMIC	Met0206_1_L4396744	ILLUMINA	SRP002480	2014-10-30	2571	202	3710	['MIMS.me' 'MIGS/MIMS/MIMARKS.human-skin']	['2013-01-16']	79	0.78	0.84	0.52	0.8
SRR1631050	0.814	PRJNA46333	SAMN03025570	Gene-Environment Interactions at the Skin Surface	"16S rRNA gene sequences amplified from subjects with eczema and age-matched healthy controls.<p>Microbes living in and on humans are ten times more numerous than human cells. Culture-based methods have been the primary techniques used to study microbes inhabiting humans; however, many species are not successfully grown in culture. The NIH Roadmap for Medical Research Human Microbiome Project (HMP) aims to investigate the microbes in the gastrointestinal tract, oral cavity, skin, vagina, and nares. The goal of the HMP is to comprehensively characterize the human microbiota and analyze its role in human health and disease.<p>The skin serves not only as a barrier against invading pathogens and moisture loss, but also as a host to microbial communities. The skin of an adult is an approximately 2 square meter surface with a myriad of microenvironments.  Atopic dermatitis (AD), more commonly known as eczema, is a common skin disorder that is exacerbated by Staphylococcus aureus colonization.  This study aims to investigate the skin microbiota of AD patients at specific timepoints (quiescence, disease flares, and post-treatment) to examine how disease state correlates with changes in the skin microflora.   <p>The 16S small subunit ribosomal (rRNA) gene is present in every bacterial cell, serving as a universal marker. The gene is sufficiently conserved to allow accurate alignment but adequately varied to enable phylogenetic analyses. Sequencing via 16S rRNA-based phylotyping has been used to survey the bacterial microbes on the skin.  Initially, we will examine the bacterial diversity associated with AD using a 16S rRNA survey and later broadening to include fungi, viruses, archaea and mites. In addition, bacteria will be cultured on a wide variety of media and isolates representing both abundant and novel species will be selected for whole genome sequencing.<p>To characterize fungal diversity, we utilize two phylogenetic markers within the rDNA region: 18S rRNA and the Intervening Internal Transcribed Spacer (ITS) region.  Full microbial diversity will be explored with shotgun metagenomic sequencing."	PMC:7945042,10151067,10541010,9600381,5666146,7857535,7488429,6833257,9667708,10591041,10609127;PubMed:34083435,22310478,23698366,37054678,28679656	SRS731427	WGS	NISC	SRX743730	MET0206	human skin metagenome	-77.09471	38.98465	lat_lon	"{""geo_loc_name"":[-77.03196,38.89036],""geo_loc_name_sam"":[-77.03196,38.89036],""geo_loc_name_country_calc"":[-77.03196,38.89036]}"									48.0	2846313.0	3725.0	148366811.0	54	27457608	882	1351682660	Illumina HiSeq 2000	PAIRED	RANDOM	METAGENOMIC	Met0206_1_L4396744	ILLUMINA	SRP002480	2014-10-30	2791	202	4236	['MIMS.me' 'MIGS/MIMS/MIMARKS.human-skin']	['2013-01-16']	79	0.78	0.84	0.52	0.8
SRR1631043	0.814	PRJNA46333	SAMN03025570	Gene-Environment Interactions at the Skin Surface	"16S rRNA gene sequences amplified from subjects with eczema and age-matched healthy controls.<p>Microbes living in and on humans are ten times more numerous than human cells. Culture-based methods have been the primary techniques used to study microbes inhabiting humans; however, many species are not successfully grown in culture. The NIH Roadmap for Medical Research Human Microbiome Project (HMP) aims to investigate the microbes in the gastrointestinal tract, oral cavity, skin, vagina, and nares. The goal of the HMP is to comprehensively characterize the human microbiota and analyze its role in human health and disease.<p>The skin serves not only as a barrier against invading pathogens and moisture loss, but also as a host to microbial communities. The skin of an adult is an approximately 2 square meter surface with a myriad of microenvironments.  Atopic dermatitis (AD), more commonly known as eczema, is a common skin disorder that is exacerbated by Staphylococcus aureus colonization.  This study aims to investigate the skin microbiota of AD patients at specific timepoints (quiescence, disease flares, and post-treatment) to examine how disease state correlates with changes in the skin microflora.   <p>The 16S small subunit ribosomal (rRNA) gene is present in every bacterial cell, serving as a universal marker. The gene is sufficiently conserved to allow accurate alignment but adequately varied to enable phylogenetic analyses. Sequencing via 16S rRNA-based phylotyping has been used to survey the bacterial microbes on the skin.  Initially, we will examine the bacterial diversity associated with AD using a 16S rRNA survey and later broadening to include fungi, viruses, archaea and mites. In addition, bacteria will be cultured on a wide variety of media and isolates representing both abundant and novel species will be selected for whole genome sequencing.<p>To characterize fungal diversity, we utilize two phylogenetic markers within the rDNA region: 18S rRNA and the Intervening Internal Transcribed Spacer (ITS) region.  Full microbial diversity will be explored with shotgun metagenomic sequencing."	PMC:7945042,10151067,10541010,9600381,5666146,7857535,7488429,6833257,9667708,10591041,10609127;PubMed:34083435,22310478,23698366,37054678,28679656	SRS731427	WGS	NISC	SRX743730	MET0206	human skin metagenome	-77.09471	38.98465	lat_lon	"{""geo_loc_name"":[-77.03196,38.89036],""geo_loc_name_sam"":[-77.03196,38.89036],""geo_loc_name_country_calc"":[-77.03196,38.89036]}"									93.0	1640091.0	4707.0	99177339.0	54	23528137	1071	1159675861	Illumina HiSeq 2000	PAIRED	RANDOM	METAGENOMIC	Met0206_1_L4396744	ILLUMINA	SRP002480	2014-10-30	2505	202	3591	['MIMS.me' 'MIGS/MIMS/MIMARKS.human-skin']	['2013-01-16']	79	0.78	0.84	0.52	0.8
SRR3187771	0.813	PRJNA46333	SAMN04360074	Gene-Environment Interactions at the Skin Surface	"16S rRNA gene sequences amplified from subjects with eczema and age-matched healthy controls.<p>Microbes living in and on humans are ten times more numerous than human cells. Culture-based methods have been the primary techniques used to study microbes inhabiting humans; however, many species are not successfully grown in culture. The NIH Roadmap for Medical Research Human Microbiome Project (HMP) aims to investigate the microbes in the gastrointestinal tract, oral cavity, skin, vagina, and nares. The goal of the HMP is to comprehensively characterize the human microbiota and analyze its role in human health and disease.<p>The skin serves not only as a barrier against invading pathogens and moisture loss, but also as a host to microbial communities. The skin of an adult is an approximately 2 square meter surface with a myriad of microenvironments.  Atopic dermatitis (AD), more commonly known as eczema, is a common skin disorder that is exacerbated by Staphylococcus aureus colonization.  This study aims to investigate the skin microbiota of AD patients at specific timepoints (quiescence, disease flares, and post-treatment) to examine how disease state correlates with changes in the skin microflora.   <p>The 16S small subunit ribosomal (rRNA) gene is present in every bacterial cell, serving as a universal marker. The gene is sufficiently conserved to allow accurate alignment but adequately varied to enable phylogenetic analyses. Sequencing via 16S rRNA-based phylotyping has been used to survey the bacterial microbes on the skin.  Initially, we will examine the bacterial diversity associated with AD using a 16S rRNA survey and later broadening to include fungi, viruses, archaea and mites. In addition, bacteria will be cultured on a wide variety of media and isolates representing both abundant and novel species will be selected for whole genome sequencing.<p>To characterize fungal diversity, we utilize two phylogenetic markers within the rDNA region: 18S rRNA and the Intervening Internal Transcribed Spacer (ITS) region.  Full microbial diversity will be explored with shotgun metagenomic sequencing."	PMC:7945042,10151067,10541010,9600381,5666146,7857535,7488429,6833257,9667708,10591041,10609127;PubMed:34083435,22310478,23698366,37054678,28679656	SRS1310458	WGS	NISC	SRX1600524	MET0715	human skin metagenome	-77.09471	38.98465	lat_lon	"{""geo_loc_name_country_calc"": [-77.03196, 38.89036], ""geo_loc_name_sam"": [-77.03196, 38.89036], ""geo_loc_name"": [""-77.03196"", ""38.89036""]}"									198.0	403422.0	9603.0	41965340.0	51	10217461	1405	505109093	Illumina HiSeq 2000	PAIRED	RANDOM	METAGENOMIC	AJD0193_1_L7161108	ILLUMINA	SRP002480	2016-05-01	1391	202	1996	['MIMS.me' 'MIGS/MIMS/MIMARKS.human-skin']	['2014-04-02']	79	0.78	0.84	0.52	0.8
SRR3187765	0.813	PRJNA46333	SAMN04360074	Gene-Environment Interactions at the Skin Surface	"16S rRNA gene sequences amplified from subjects with eczema and age-matched healthy controls.<p>Microbes living in and on humans are ten times more numerous than human cells. Culture-based methods have been the primary techniques used to study microbes inhabiting humans; however, many species are not successfully grown in culture. The NIH Roadmap for Medical Research Human Microbiome Project (HMP) aims to investigate the microbes in the gastrointestinal tract, oral cavity, skin, vagina, and nares. The goal of the HMP is to comprehensively characterize the human microbiota and analyze its role in human health and disease.<p>The skin serves not only as a barrier against invading pathogens and moisture loss, but also as a host to microbial communities. The skin of an adult is an approximately 2 square meter surface with a myriad of microenvironments.  Atopic dermatitis (AD), more commonly known as eczema, is a common skin disorder that is exacerbated by Staphylococcus aureus colonization.  This study aims to investigate the skin microbiota of AD patients at specific timepoints (quiescence, disease flares, and post-treatment) to examine how disease state correlates with changes in the skin microflora.   <p>The 16S small subunit ribosomal (rRNA) gene is present in every bacterial cell, serving as a universal marker. The gene is sufficiently conserved to allow accurate alignment but adequately varied to enable phylogenetic analyses. Sequencing via 16S rRNA-based phylotyping has been used to survey the bacterial microbes on the skin.  Initially, we will examine the bacterial diversity associated with AD using a 16S rRNA survey and later broadening to include fungi, viruses, archaea and mites. In addition, bacteria will be cultured on a wide variety of media and isolates representing both abundant and novel species will be selected for whole genome sequencing.<p>To characterize fungal diversity, we utilize two phylogenetic markers within the rDNA region: 18S rRNA and the Intervening Internal Transcribed Spacer (ITS) region.  Full microbial diversity will be explored with shotgun metagenomic sequencing."	PMC:7945042,10151067,10541010,9600381,5666146,7857535,7488429,6833257,9667708,10591041,10609127;PubMed:34083435,22310478,23698366,37054678,28679656	SRS1310458	WGS	NISC	SRX1600524	MET0715	human skin metagenome	-77.09471	38.98465	lat_lon	"{""geo_loc_name_country_calc"": [-77.03196, 38.89036], ""geo_loc_name_sam"": [-77.03196, 38.89036], ""geo_loc_name"": [""-77.03196"", ""38.89036""]}"									179.0	508641.0	6266.0	45729851.0	52	10099346	1275	500345412	Illumina HiSeq 2000	PAIRED	RANDOM	METAGENOMIC	AJD0193_1_L7161108	ILLUMINA	SRP002480	2016-05-01	1378	202	1989	['MIMS.me' 'MIGS/MIMS/MIMARKS.human-skin']	['2014-04-02']	79	0.78	0.84	0.52	0.8
SRR1631044	0.811	PRJNA46333	SAMN03025570	Gene-Environment Interactions at the Skin Surface	"16S rRNA gene sequences amplified from subjects with eczema and age-matched healthy controls.<p>Microbes living in and on humans are ten times more numerous than human cells. Culture-based methods have been the primary techniques used to study microbes inhabiting humans; however, many species are not successfully grown in culture. The NIH Roadmap for Medical Research Human Microbiome Project (HMP) aims to investigate the microbes in the gastrointestinal tract, oral cavity, skin, vagina, and nares. The goal of the HMP is to comprehensively characterize the human microbiota and analyze its role in human health and disease.<p>The skin serves not only as a barrier against invading pathogens and moisture loss, but also as a host to microbial communities. The skin of an adult is an approximately 2 square meter surface with a myriad of microenvironments.  Atopic dermatitis (AD), more commonly known as eczema, is a common skin disorder that is exacerbated by Staphylococcus aureus colonization.  This study aims to investigate the skin microbiota of AD patients at specific timepoints (quiescence, disease flares, and post-treatment) to examine how disease state correlates with changes in the skin microflora.   <p>The 16S small subunit ribosomal (rRNA) gene is present in every bacterial cell, serving as a universal marker. The gene is sufficiently conserved to allow accurate alignment but adequately varied to enable phylogenetic analyses. Sequencing via 16S rRNA-based phylotyping has been used to survey the bacterial microbes on the skin.  Initially, we will examine the bacterial diversity associated with AD using a 16S rRNA survey and later broadening to include fungi, viruses, archaea and mites. In addition, bacteria will be cultured on a wide variety of media and isolates representing both abundant and novel species will be selected for whole genome sequencing.<p>To characterize fungal diversity, we utilize two phylogenetic markers within the rDNA region: 18S rRNA and the Intervening Internal Transcribed Spacer (ITS) region.  Full microbial diversity will be explored with shotgun metagenomic sequencing."	PMC:7945042,10151067,10541010,9600381,5666146,7857535,7488429,6833257,9667708,10591041,10609127;PubMed:34083435,22310478,23698366,37054678,28679656	SRS731427	WGS	NISC	SRX743730	MET0206	human skin metagenome	-77.09471	38.98465	lat_lon	"{""geo_loc_name"":[-77.03196,38.89036],""geo_loc_name_sam"":[-77.03196,38.89036],""geo_loc_name_country_calc"":[-77.03196,38.89036]}"									78.0	1920723.0	4144.0	111027010.0	54	24478013	1096	1207893701	Illumina HiSeq 2000	PAIRED	RANDOM	METAGENOMIC	Met0206_1_L4396744	ILLUMINA	SRP002480	2014-10-30	2610	202	3786	['MIMS.me' 'MIGS/MIMS/MIMARKS.human-skin']	['2013-01-16']	79	0.78	0.84	0.52	0.8
SRR1631042	0.811	PRJNA46333	SAMN03025570	Gene-Environment Interactions at the Skin Surface	"16S rRNA gene sequences amplified from subjects with eczema and age-matched healthy controls.<p>Microbes living in and on humans are ten times more numerous than human cells. Culture-based methods have been the primary techniques used to study microbes inhabiting humans; however, many species are not successfully grown in culture. The NIH Roadmap for Medical Research Human Microbiome Project (HMP) aims to investigate the microbes in the gastrointestinal tract, oral cavity, skin, vagina, and nares. The goal of the HMP is to comprehensively characterize the human microbiota and analyze its role in human health and disease.<p>The skin serves not only as a barrier against invading pathogens and moisture loss, but also as a host to microbial communities. The skin of an adult is an approximately 2 square meter surface with a myriad of microenvironments.  Atopic dermatitis (AD), more commonly known as eczema, is a common skin disorder that is exacerbated by Staphylococcus aureus colonization.  This study aims to investigate the skin microbiota of AD patients at specific timepoints (quiescence, disease flares, and post-treatment) to examine how disease state correlates with changes in the skin microflora.   <p>The 16S small subunit ribosomal (rRNA) gene is present in every bacterial cell, serving as a universal marker. The gene is sufficiently conserved to allow accurate alignment but adequately varied to enable phylogenetic analyses. Sequencing via 16S rRNA-based phylotyping has been used to survey the bacterial microbes on the skin.  Initially, we will examine the bacterial diversity associated with AD using a 16S rRNA survey and later broadening to include fungi, viruses, archaea and mites. In addition, bacteria will be cultured on a wide variety of media and isolates representing both abundant and novel species will be selected for whole genome sequencing.<p>To characterize fungal diversity, we utilize two phylogenetic markers within the rDNA region: 18S rRNA and the Intervening Internal Transcribed Spacer (ITS) region.  Full microbial diversity will be explored with shotgun metagenomic sequencing."	PMC:7945042,10151067,10541010,9600381,5666146,7857535,7488429,6833257,9667708,10591041,10609127;PubMed:34083435,22310478,23698366,37054678,28679656	SRS731427	WGS	NISC	SRX743730	MET0206	human skin metagenome	-77.09471	38.98465	lat_lon	"{""geo_loc_name"":[-77.03196,38.89036],""geo_loc_name_sam"":[-77.03196,38.89036],""geo_loc_name_country_calc"":[-77.03196,38.89036]}"									90.0	1676231.0	4901.0	100397691.0	54	23434191	979	1156296052	Illumina HiSeq 2000	PAIRED	RANDOM	METAGENOMIC	Met0206_1_L4396744	ILLUMINA	SRP002480	2014-10-30	2499	202	3587	['MIMS.me' 'MIGS/MIMS/MIMARKS.human-skin']	['2013-01-16']	79	0.78	0.84	0.52	0.8
SRR11308369	0.811	PRJNA610161	SAMN14278894	Microvelia longipes isolate:CP-2014 Genome sequencing and assembly	Microvelia longipes genome and assembly using Illumina + PacBio + HiC data.	PMC:8112723	SRS6320335	WGA	ENS LYON	SRX7913487	Microvelia longipes genome	Microvelia longipes	-53.23431	3.92588	geo_loc_name	"{""geo_loc_name_country_calc"": [-53.23431, 3.92588], ""geo_loc_name_sam"": [""-53.23431"", ""3.92588""]}"									453.0	5518500.0	14135.0	599473918.0	41	44482337	6295	2074674989	Illumina HiSeq 2500	PAIRED	RANDOM	GENOMIC	WHAIPI037583-85	ILLUMINA	SRP252854	2021-01-19	44000	250	83598	['Invertebrate']		5	0.72	0.86	0.6	0.7
SRR22039230	0.81	PRJNA894191	SAMN31443433	Epigenetic landscape of Human Brains by Single Nucleus DNA Methylation and Chromatin Conformation Profiling - pool110_h1930004_Pro	"Illustrating the cellular architecture of the human brain is critical to understanding its diverse functions and complex animal behaviors. Single nucleus methylation sequencing was applied to regions of human brains. we identified distinct cell clusters and formed them in a hierarchical taxonomy. These clusters include known primary brain cell types and possible sub-types. We use these data to identify the epigenomic characteristics and to define specific regulatory elements for each cell cluster.Overall design: Apply snmC-seq3 to brain regions to identify epigenomic landcape of the adult human brains"		SRS15530465	OTHER	GEO	SRX18022484	GSM6677932	Homo sapiens													151.0	362976.0	1313.0	28413665.0	70	3174424	339	182504363	Illumina NovaSeq 6000	PAIRED	other	GENOMIC		ILLUMINA	SRP404499	2023-07-07	215	292	609			0				
SRR3188154	0.81	PRJNA46333	SAMN04360086	Gene-Environment Interactions at the Skin Surface	"16S rRNA gene sequences amplified from subjects with eczema and age-matched healthy controls.<p>Microbes living in and on humans are ten times more numerous than human cells. Culture-based methods have been the primary techniques used to study microbes inhabiting humans; however, many species are not successfully grown in culture. The NIH Roadmap for Medical Research Human Microbiome Project (HMP) aims to investigate the microbes in the gastrointestinal tract, oral cavity, skin, vagina, and nares. The goal of the HMP is to comprehensively characterize the human microbiota and analyze its role in human health and disease.<p>The skin serves not only as a barrier against invading pathogens and moisture loss, but also as a host to microbial communities. The skin of an adult is an approximately 2 square meter surface with a myriad of microenvironments.  Atopic dermatitis (AD), more commonly known as eczema, is a common skin disorder that is exacerbated by Staphylococcus aureus colonization.  This study aims to investigate the skin microbiota of AD patients at specific timepoints (quiescence, disease flares, and post-treatment) to examine how disease state correlates with changes in the skin microflora.   <p>The 16S small subunit ribosomal (rRNA) gene is present in every bacterial cell, serving as a universal marker. The gene is sufficiently conserved to allow accurate alignment but adequately varied to enable phylogenetic analyses. Sequencing via 16S rRNA-based phylotyping has been used to survey the bacterial microbes on the skin.  Initially, we will examine the bacterial diversity associated with AD using a 16S rRNA survey and later broadening to include fungi, viruses, archaea and mites. In addition, bacteria will be cultured on a wide variety of media and isolates representing both abundant and novel species will be selected for whole genome sequencing.<p>To characterize fungal diversity, we utilize two phylogenetic markers within the rDNA region: 18S rRNA and the Intervening Internal Transcribed Spacer (ITS) region.  Full microbial diversity will be explored with shotgun metagenomic sequencing."	PMC:7945042,10151067,10541010,9600381,5666146,7857535,7488429,6833257,9667708,10591041,10609127;PubMed:34083435,22310478,23698366,37054678,28679656	SRS1310710	WGS	NISC	SRX1600841	MET0729	human skin metagenome	-77.09471	38.98465	lat_lon	"{""geo_loc_name_country_calc"": [-77.03196, 38.89036], ""geo_loc_name"": [-77.03196, 38.89036], ""geo_loc_name_sam"": [""-77.03196"", ""38.89036""]}"									35.0	1396217.0	1482.0	62515837.0	45	22054554	441	966310559	Illumina HiSeq 2000	PAIRED	RANDOM	METAGENOMIC	AJD0255_1_L7169526	ILLUMINA	SRP002480	2016-05-01	1844	202	2862	['MIMS.me' 'MIGS/MIMS/MIMARKS.human-skin']	['2014-05-14']	79	0.78	0.84	0.52	0.8
SRR5602514	0.807	PRJNA386859	SAMN07136291	The evolution of small RNA pathways across the arthropods	A comparison of somatic and germline small RNA pathways across the arthropods	PMC:5732027	SRS2225853	RNA-Seq	UNIVERSITY OF CAMBRIDGE	SRX2855101	Centruroides sculpturatus female soma	Centruroides sculpturatus	-77.03196	38.89036	geo_loc_name_sam	"{""geo_loc_name_country_calc"": [-77.03196, 38.89036], ""geo_loc_name"": [""-77.03196"", ""38.89036""]}"									233.0	2056906.0	6427.0	221868552.0	44	37789207	1071	1647605452	Illumina HiSeq 4000	PAIRED	RANDOM	TRANSCRIPTOMIC	CscuFSrnaseq	ILLUMINA	SRP107945	2017-10-16	5573	300	15929	['Invertebrate']		4	0.81	0.82	0.8	0.8
SRR17534284	0.807	PRJNA604820	SAMN21207643	Skin metagenome from antibiotics treated healthy human subjects	Systemic antibiotics are widely prescribed for infectious as well as cutaneous etiologies, ranging from cellulitis, abscesses, and impetigo, to acne. However, the effects of antibiotics on skin microbial communities are not well understood. Here, we administered four antibiotic regimens [doxycycline (20mg or 100mg twice daily for 56 days), cephalexin (500mg three times daily for 14 days), or trimethoprim/sulfamethoxazole (TMP/SMX, 160/800 mg twice daily for 14 days), n=3-4 for each regimen], which are commonly used in dermatology, to healthy human volunteers. Swabs from multiple skin and oral sites and stool samples were collected before, during, and up to 1 year after antibiotic use, and shotgun metagenomic sequencing performed.	PMC:10591041,10609127;PubMed:34936382	SRS11579834	WGS	NISC	SRX13704059	Subject12_Vf_D14	human skin metagenome	-77.09471	38.98465	lat_lon	"{""geo_loc_name"": [-77.03196, 38.89036], ""geo_loc_name_country_calc"": [-77.03196, 38.89036], ""geo_loc_name_sam"": [""-77.03196"", ""38.89036""]}"									181.0	427470.0	3776.0	49252198.0	88	4242567	1282	280488703	Illumina HiSeq 2500	PAIRED	RANDOM	METAGENOMIC	ASF0664_1_L13890410	ILLUMINA	SRP352341	2022-01-12	541	252	1194	['MIMS.me' 'MIGS/MIMS/MIMARKS.human-skin']	['2013-04-17']	79	0.78	0.84	0.52	0.8
SRR1631057	0.805	PRJNA46333	SAMN03025571	Gene-Environment Interactions at the Skin Surface	"16S rRNA gene sequences amplified from subjects with eczema and age-matched healthy controls.<p>Microbes living in and on humans are ten times more numerous than human cells. Culture-based methods have been the primary techniques used to study microbes inhabiting humans; however, many species are not successfully grown in culture. The NIH Roadmap for Medical Research Human Microbiome Project (HMP) aims to investigate the microbes in the gastrointestinal tract, oral cavity, skin, vagina, and nares. The goal of the HMP is to comprehensively characterize the human microbiota and analyze its role in human health and disease.<p>The skin serves not only as a barrier against invading pathogens and moisture loss, but also as a host to microbial communities. The skin of an adult is an approximately 2 square meter surface with a myriad of microenvironments.  Atopic dermatitis (AD), more commonly known as eczema, is a common skin disorder that is exacerbated by Staphylococcus aureus colonization.  This study aims to investigate the skin microbiota of AD patients at specific timepoints (quiescence, disease flares, and post-treatment) to examine how disease state correlates with changes in the skin microflora.   <p>The 16S small subunit ribosomal (rRNA) gene is present in every bacterial cell, serving as a universal marker. The gene is sufficiently conserved to allow accurate alignment but adequately varied to enable phylogenetic analyses. Sequencing via 16S rRNA-based phylotyping has been used to survey the bacterial microbes on the skin.  Initially, we will examine the bacterial diversity associated with AD using a 16S rRNA survey and later broadening to include fungi, viruses, archaea and mites. In addition, bacteria will be cultured on a wide variety of media and isolates representing both abundant and novel species will be selected for whole genome sequencing.<p>To characterize fungal diversity, we utilize two phylogenetic markers within the rDNA region: 18S rRNA and the Intervening Internal Transcribed Spacer (ITS) region.  Full microbial diversity will be explored with shotgun metagenomic sequencing."	PMC:7945042,10151067,10541010,9600381,5666146,7857535,7488429,6833257,9667708,10591041,10609127;PubMed:34083435,22310478,23698366,37054678,28679656	SRS731428	WGS	NISC	SRX743731	MET0207	human skin metagenome	-77.09471	38.98465	lat_lon	"{""geo_loc_name"":[-77.03196,38.89036],""geo_loc_name_country_calc"":[-77.03196,38.89036],""geo_loc_name_sam"":[-77.03196,38.89036]}"									58.0	2650391.0	8692.0	149571556.0	66	23763107	1918	1303077778	Illumina HiSeq 2000	PAIRED	RANDOM	METAGENOMIC	Met0207_1_L4396746	ILLUMINA	SRP002480	2014-10-30	3234	202	4720	['MIMS.me' 'MIGS/MIMS/MIMARKS.human-skin']	['2013-01-16']	79	0.78	0.84	0.52	0.8
SRR3187745	0.805	PRJNA46333	SAMN04360068	Gene-Environment Interactions at the Skin Surface	"16S rRNA gene sequences amplified from subjects with eczema and age-matched healthy controls.<p>Microbes living in and on humans are ten times more numerous than human cells. Culture-based methods have been the primary techniques used to study microbes inhabiting humans; however, many species are not successfully grown in culture. The NIH Roadmap for Medical Research Human Microbiome Project (HMP) aims to investigate the microbes in the gastrointestinal tract, oral cavity, skin, vagina, and nares. The goal of the HMP is to comprehensively characterize the human microbiota and analyze its role in human health and disease.<p>The skin serves not only as a barrier against invading pathogens and moisture loss, but also as a host to microbial communities. The skin of an adult is an approximately 2 square meter surface with a myriad of microenvironments.  Atopic dermatitis (AD), more commonly known as eczema, is a common skin disorder that is exacerbated by Staphylococcus aureus colonization.  This study aims to investigate the skin microbiota of AD patients at specific timepoints (quiescence, disease flares, and post-treatment) to examine how disease state correlates with changes in the skin microflora.   <p>The 16S small subunit ribosomal (rRNA) gene is present in every bacterial cell, serving as a universal marker. The gene is sufficiently conserved to allow accurate alignment but adequately varied to enable phylogenetic analyses. Sequencing via 16S rRNA-based phylotyping has been used to survey the bacterial microbes on the skin.  Initially, we will examine the bacterial diversity associated with AD using a 16S rRNA survey and later broadening to include fungi, viruses, archaea and mites. In addition, bacteria will be cultured on a wide variety of media and isolates representing both abundant and novel species will be selected for whole genome sequencing.<p>To characterize fungal diversity, we utilize two phylogenetic markers within the rDNA region: 18S rRNA and the Intervening Internal Transcribed Spacer (ITS) region.  Full microbial diversity will be explored with shotgun metagenomic sequencing."	PMC:7945042,10151067,10541010,9600381,5666146,7857535,7488429,6833257,9667708,10591041,10609127;PubMed:34083435,22310478,23698366,37054678,28679656	SRS1310464	WGS	NISC	SRX1600518	MET0709	human skin metagenome	-77.09471	38.98465	lat_lon	"{""geo_loc_name"":[-77.03196,38.89036],""geo_loc_name_sam"":[-77.03196,38.89036],""geo_loc_name_country_calc"":[-77.03196,38.89036]}"									33.0	385217.0	1067.0	16870766.0	42	6456608	413	276735710	Illumina HiSeq 2000	PAIRED	RANDOM	METAGENOMIC	AJD0185_1_L7161106	ILLUMINA	SRP002480	2016-05-01	546	202	756	['MIMS.me' 'MIGS/MIMS/MIMARKS.human-skin']	['2014-04-02']	79	0.78	0.84	0.52	0.8
SRR3188146	0.805	PRJNA46333	SAMN04360085	Gene-Environment Interactions at the Skin Surface	"16S rRNA gene sequences amplified from subjects with eczema and age-matched healthy controls.<p>Microbes living in and on humans are ten times more numerous than human cells. Culture-based methods have been the primary techniques used to study microbes inhabiting humans; however, many species are not successfully grown in culture. The NIH Roadmap for Medical Research Human Microbiome Project (HMP) aims to investigate the microbes in the gastrointestinal tract, oral cavity, skin, vagina, and nares. The goal of the HMP is to comprehensively characterize the human microbiota and analyze its role in human health and disease.<p>The skin serves not only as a barrier against invading pathogens and moisture loss, but also as a host to microbial communities. The skin of an adult is an approximately 2 square meter surface with a myriad of microenvironments.  Atopic dermatitis (AD), more commonly known as eczema, is a common skin disorder that is exacerbated by Staphylococcus aureus colonization.  This study aims to investigate the skin microbiota of AD patients at specific timepoints (quiescence, disease flares, and post-treatment) to examine how disease state correlates with changes in the skin microflora.   <p>The 16S small subunit ribosomal (rRNA) gene is present in every bacterial cell, serving as a universal marker. The gene is sufficiently conserved to allow accurate alignment but adequately varied to enable phylogenetic analyses. Sequencing via 16S rRNA-based phylotyping has been used to survey the bacterial microbes on the skin.  Initially, we will examine the bacterial diversity associated with AD using a 16S rRNA survey and later broadening to include fungi, viruses, archaea and mites. In addition, bacteria will be cultured on a wide variety of media and isolates representing both abundant and novel species will be selected for whole genome sequencing.<p>To characterize fungal diversity, we utilize two phylogenetic markers within the rDNA region: 18S rRNA and the Intervening Internal Transcribed Spacer (ITS) region.  Full microbial diversity will be explored with shotgun metagenomic sequencing."	PMC:7945042,10151067,10541010,9600381,5666146,7857535,7488429,6833257,9667708,10591041,10609127;PubMed:34083435,22310478,23698366,37054678,28679656	SRS1310711	WGS	NISC	SRX1600840	MET0728	human skin metagenome	-77.09471	38.98465	lat_lon	"{""geo_loc_name_sam"": [-77.03196, 38.89036], ""geo_loc_name"": [-77.03196, 38.89036], ""geo_loc_name_country_calc"": [""-77.03196"", ""38.89036""]}"									32.0	2406884.0	1443.0	91452612.0	43	16621021	537	718244952	Illumina HiSeq 2000	PAIRED	RANDOM	METAGENOMIC	AJD0190_1_L7161114	ILLUMINA	SRP002480	2016-05-01	1631	202	2182	['MIMS.me' 'MIGS/MIMS/MIMARKS.human-skin']	['2014-05-14']	79	0.78	0.84	0.52	0.8
SRR1631068	0.805	PRJNA46333	SAMN03025571	Gene-Environment Interactions at the Skin Surface	"16S rRNA gene sequences amplified from subjects with eczema and age-matched healthy controls.<p>Microbes living in and on humans are ten times more numerous than human cells. Culture-based methods have been the primary techniques used to study microbes inhabiting humans; however, many species are not successfully grown in culture. The NIH Roadmap for Medical Research Human Microbiome Project (HMP) aims to investigate the microbes in the gastrointestinal tract, oral cavity, skin, vagina, and nares. The goal of the HMP is to comprehensively characterize the human microbiota and analyze its role in human health and disease.<p>The skin serves not only as a barrier against invading pathogens and moisture loss, but also as a host to microbial communities. The skin of an adult is an approximately 2 square meter surface with a myriad of microenvironments.  Atopic dermatitis (AD), more commonly known as eczema, is a common skin disorder that is exacerbated by Staphylococcus aureus colonization.  This study aims to investigate the skin microbiota of AD patients at specific timepoints (quiescence, disease flares, and post-treatment) to examine how disease state correlates with changes in the skin microflora.   <p>The 16S small subunit ribosomal (rRNA) gene is present in every bacterial cell, serving as a universal marker. The gene is sufficiently conserved to allow accurate alignment but adequately varied to enable phylogenetic analyses. Sequencing via 16S rRNA-based phylotyping has been used to survey the bacterial microbes on the skin.  Initially, we will examine the bacterial diversity associated with AD using a 16S rRNA survey and later broadening to include fungi, viruses, archaea and mites. In addition, bacteria will be cultured on a wide variety of media and isolates representing both abundant and novel species will be selected for whole genome sequencing.<p>To characterize fungal diversity, we utilize two phylogenetic markers within the rDNA region: 18S rRNA and the Intervening Internal Transcribed Spacer (ITS) region.  Full microbial diversity will be explored with shotgun metagenomic sequencing."	PMC:7945042,10151067,10541010,9600381,5666146,7857535,7488429,6833257,9667708,10591041,10609127;PubMed:34083435,22310478,23698366,37054678,28679656	SRS731428	WGS	NISC	SRX743731	MET0207	human skin metagenome	-77.09471	38.98465	lat_lon	"{""geo_loc_name"":[-77.03196,38.89036],""geo_loc_name_country_calc"":[-77.03196,38.89036],""geo_loc_name_sam"":[-77.03196,38.89036]}"									192.0	960485.0	12117.0	101325783.0	66	26187592	1920	1437594123	Illumina HiSeq 2000	PAIRED	RANDOM	METAGENOMIC	Met0207_1_L4396746	ILLUMINA	SRP002480	2014-10-30	3407	202	5243	['MIMS.me' 'MIGS/MIMS/MIMARKS.human-skin']	['2013-01-16']	79	0.78	0.84	0.52	0.8
SRR24403738	0.805	PRJNA966185	SAMN34537718	Comprehensive Wastewater Sequencing Reveals Community and Variant Dynamics of the Collective Human Virome	We conduct a comprehensive sequencing-based analysis of 363 longitudinal wastewater samples from ten distinct sites in two major cities. Over 450 distinct pathogenic viruses were detected. We reveal the viral landscape of human wastewater which can measure outbreaks and transmission, while informing on general population health.		SRS17516645	Targeted-Capture	BAYLOR COLLEGE OF MEDICINE	SRX20194244	FT3BFL	wastewater metagenome	-106.46095	31.77254	lat_lon	"{""geo_loc_name_sam"":[-106.48749,31.75916],""geo_loc_name_country_calc"":[-77.03196,38.89036],""geo_loc_name"":[-106.48749,31.75916]}"									151.0	312270.0	5631.0	28279913.0	41	2921574	745	132221979	Illumina NovaSeq 6000	PAIRED	RANDOM	METAGENOMIC	FT3BFL	ILLUMINA	SRP435607	2023-05-02	1113	302	3559	['MIMS.me' 'MIGS/MIMS/MIMARKS.wastewater']	['2022-12-05']	15	0.7	0.8	0.5	0.74
SRR3187768	0.804	PRJNA46333	SAMN04360074	Gene-Environment Interactions at the Skin Surface	"16S rRNA gene sequences amplified from subjects with eczema and age-matched healthy controls.<p>Microbes living in and on humans are ten times more numerous than human cells. Culture-based methods have been the primary techniques used to study microbes inhabiting humans; however, many species are not successfully grown in culture. The NIH Roadmap for Medical Research Human Microbiome Project (HMP) aims to investigate the microbes in the gastrointestinal tract, oral cavity, skin, vagina, and nares. The goal of the HMP is to comprehensively characterize the human microbiota and analyze its role in human health and disease.<p>The skin serves not only as a barrier against invading pathogens and moisture loss, but also as a host to microbial communities. The skin of an adult is an approximately 2 square meter surface with a myriad of microenvironments.  Atopic dermatitis (AD), more commonly known as eczema, is a common skin disorder that is exacerbated by Staphylococcus aureus colonization.  This study aims to investigate the skin microbiota of AD patients at specific timepoints (quiescence, disease flares, and post-treatment) to examine how disease state correlates with changes in the skin microflora.   <p>The 16S small subunit ribosomal (rRNA) gene is present in every bacterial cell, serving as a universal marker. The gene is sufficiently conserved to allow accurate alignment but adequately varied to enable phylogenetic analyses. Sequencing via 16S rRNA-based phylotyping has been used to survey the bacterial microbes on the skin.  Initially, we will examine the bacterial diversity associated with AD using a 16S rRNA survey and later broadening to include fungi, viruses, archaea and mites. In addition, bacteria will be cultured on a wide variety of media and isolates representing both abundant and novel species will be selected for whole genome sequencing.<p>To characterize fungal diversity, we utilize two phylogenetic markers within the rDNA region: 18S rRNA and the Intervening Internal Transcribed Spacer (ITS) region.  Full microbial diversity will be explored with shotgun metagenomic sequencing."	PMC:7945042,10151067,10541010,9600381,5666146,7857535,7488429,6833257,9667708,10591041,10609127;PubMed:34083435,22310478,23698366,37054678,28679656	SRS1310458	WGS	NISC	SRX1600524	MET0715	human skin metagenome	-77.09471	38.98465	lat_lon	"{""geo_loc_name_country_calc"": [-77.03196, 38.89036], ""geo_loc_name_sam"": [-77.03196, 38.89036], ""geo_loc_name"": [""-77.03196"", ""38.89036""]}"									171.0	552277.0	5154.0	47625955.0	52	10200254	1450	505123642	Illumina HiSeq 2000	PAIRED	RANDOM	METAGENOMIC	AJD0193_1_L7161108	ILLUMINA	SRP002480	2016-05-01	1388	202	2003	['MIMS.me' 'MIGS/MIMS/MIMARKS.human-skin']	['2014-04-02']	79	0.78	0.84	0.52	0.8
SRR17534290	0.804	PRJNA604820	SAMN21207652	Skin metagenome from antibiotics treated healthy human subjects	Systemic antibiotics are widely prescribed for infectious as well as cutaneous etiologies, ranging from cellulitis, abscesses, and impetigo, to acne. However, the effects of antibiotics on skin microbial communities are not well understood. Here, we administered four antibiotic regimens [doxycycline (20mg or 100mg twice daily for 56 days), cephalexin (500mg three times daily for 14 days), or trimethoprim/sulfamethoxazole (TMP/SMX, 160/800 mg twice daily for 14 days), n=3-4 for each regimen], which are commonly used in dermatology, to healthy human volunteers. Swabs from multiple skin and oral sites and stool samples were collected before, during, and up to 1 year after antibiotic use, and shotgun metagenomic sequencing performed.	PMC:10591041,10609127;PubMed:34936382	SRS11579840	WGS	NISC	SRX13704065	Subject12_Vf_D56	human skin metagenome	-77.09471	38.98465	lat_lon	"{""geo_loc_name"": [-77.03196, 38.89036], ""geo_loc_name_sam"": [-77.03196, 38.89036], ""geo_loc_name_country_calc"": [""-77.03196"", ""38.89036""]}"									163.0	1635021.0	4877.0	145349399.0	75	16151016	889	958548405	Illumina HiSeq 2500	PAIRED	RANDOM	METAGENOMIC	ASF0663_1_L13890370	ILLUMINA	SRP352341	2022-01-12	1535	252	3546	['MIMS.me' 'MIGS/MIMS/MIMARKS.human-skin']	['2013-05-29']	79	0.78	0.84	0.52	0.8
SRR1631063	0.804	PRJNA46333	SAMN03025571	Gene-Environment Interactions at the Skin Surface	"16S rRNA gene sequences amplified from subjects with eczema and age-matched healthy controls.<p>Microbes living in and on humans are ten times more numerous than human cells. Culture-based methods have been the primary techniques used to study microbes inhabiting humans; however, many species are not successfully grown in culture. The NIH Roadmap for Medical Research Human Microbiome Project (HMP) aims to investigate the microbes in the gastrointestinal tract, oral cavity, skin, vagina, and nares. The goal of the HMP is to comprehensively characterize the human microbiota and analyze its role in human health and disease.<p>The skin serves not only as a barrier against invading pathogens and moisture loss, but also as a host to microbial communities. The skin of an adult is an approximately 2 square meter surface with a myriad of microenvironments.  Atopic dermatitis (AD), more commonly known as eczema, is a common skin disorder that is exacerbated by Staphylococcus aureus colonization.  This study aims to investigate the skin microbiota of AD patients at specific timepoints (quiescence, disease flares, and post-treatment) to examine how disease state correlates with changes in the skin microflora.   <p>The 16S small subunit ribosomal (rRNA) gene is present in every bacterial cell, serving as a universal marker. The gene is sufficiently conserved to allow accurate alignment but adequately varied to enable phylogenetic analyses. Sequencing via 16S rRNA-based phylotyping has been used to survey the bacterial microbes on the skin.  Initially, we will examine the bacterial diversity associated with AD using a 16S rRNA survey and later broadening to include fungi, viruses, archaea and mites. In addition, bacteria will be cultured on a wide variety of media and isolates representing both abundant and novel species will be selected for whole genome sequencing.<p>To characterize fungal diversity, we utilize two phylogenetic markers within the rDNA region: 18S rRNA and the Intervening Internal Transcribed Spacer (ITS) region.  Full microbial diversity will be explored with shotgun metagenomic sequencing."	PMC:7945042,10151067,10541010,9600381,5666146,7857535,7488429,6833257,9667708,10591041,10609127;PubMed:34083435,22310478,23698366,37054678,28679656	SRS731428	WGS	NISC	SRX743731	MET0207	human skin metagenome	-77.09471	38.98465	lat_lon	"{""geo_loc_name"":[-77.03196,38.89036],""geo_loc_name_country_calc"":[-77.03196,38.89036],""geo_loc_name_sam"":[-77.03196,38.89036]}"									157.0	1834892.0	10886.0	133442812.0	65	27483171	1809	1505916918	Illumina HiSeq 2000	PAIRED	RANDOM	METAGENOMIC	Met0207_1_L4396746	ILLUMINA	SRP002480	2014-10-30	3546	202	5497	['MIMS.me' 'MIGS/MIMS/MIMARKS.human-skin']	['2013-01-16']	79	0.78	0.84	0.52	0.8
SRR3187749	0.804	PRJNA46333	SAMN04360069	Gene-Environment Interactions at the Skin Surface	"16S rRNA gene sequences amplified from subjects with eczema and age-matched healthy controls.<p>Microbes living in and on humans are ten times more numerous than human cells. Culture-based methods have been the primary techniques used to study microbes inhabiting humans; however, many species are not successfully grown in culture. The NIH Roadmap for Medical Research Human Microbiome Project (HMP) aims to investigate the microbes in the gastrointestinal tract, oral cavity, skin, vagina, and nares. The goal of the HMP is to comprehensively characterize the human microbiota and analyze its role in human health and disease.<p>The skin serves not only as a barrier against invading pathogens and moisture loss, but also as a host to microbial communities. The skin of an adult is an approximately 2 square meter surface with a myriad of microenvironments.  Atopic dermatitis (AD), more commonly known as eczema, is a common skin disorder that is exacerbated by Staphylococcus aureus colonization.  This study aims to investigate the skin microbiota of AD patients at specific timepoints (quiescence, disease flares, and post-treatment) to examine how disease state correlates with changes in the skin microflora.   <p>The 16S small subunit ribosomal (rRNA) gene is present in every bacterial cell, serving as a universal marker. The gene is sufficiently conserved to allow accurate alignment but adequately varied to enable phylogenetic analyses. Sequencing via 16S rRNA-based phylotyping has been used to survey the bacterial microbes on the skin.  Initially, we will examine the bacterial diversity associated with AD using a 16S rRNA survey and later broadening to include fungi, viruses, archaea and mites. In addition, bacteria will be cultured on a wide variety of media and isolates representing both abundant and novel species will be selected for whole genome sequencing.<p>To characterize fungal diversity, we utilize two phylogenetic markers within the rDNA region: 18S rRNA and the Intervening Internal Transcribed Spacer (ITS) region.  Full microbial diversity will be explored with shotgun metagenomic sequencing."	PMC:7945042,10151067,10541010,9600381,5666146,7857535,7488429,6833257,9667708,10591041,10609127;PubMed:34083435,22310478,23698366,37054678,28679656	SRS1310463	WGS	NISC	SRX1600519	MET0710	human skin metagenome	-77.09471	38.98465	lat_lon	"{""geo_loc_name"": [-77.03196, 38.89036], ""geo_loc_name_sam"": [-77.03196, 38.89036], ""geo_loc_name_country_calc"": [""-77.03196"", ""38.89036""]}"									49.0	2047942.0	3153.0	107915426.0	47	39976727	652	1822730538	Illumina HiSeq 2000	PAIRED	RANDOM	METAGENOMIC	AJD0262_1_L7169380	ILLUMINA	SRP002480	2016-05-01	3829	202	5608	['MIMS.me' 'MIGS/MIMS/MIMARKS.human-skin']	['2014-04-02']	79	0.78	0.84	0.52	0.8
SRR1631064	0.803	PRJNA46333	SAMN03025571	Gene-Environment Interactions at the Skin Surface	"16S rRNA gene sequences amplified from subjects with eczema and age-matched healthy controls.<p>Microbes living in and on humans are ten times more numerous than human cells. Culture-based methods have been the primary techniques used to study microbes inhabiting humans; however, many species are not successfully grown in culture. The NIH Roadmap for Medical Research Human Microbiome Project (HMP) aims to investigate the microbes in the gastrointestinal tract, oral cavity, skin, vagina, and nares. The goal of the HMP is to comprehensively characterize the human microbiota and analyze its role in human health and disease.<p>The skin serves not only as a barrier against invading pathogens and moisture loss, but also as a host to microbial communities. The skin of an adult is an approximately 2 square meter surface with a myriad of microenvironments.  Atopic dermatitis (AD), more commonly known as eczema, is a common skin disorder that is exacerbated by Staphylococcus aureus colonization.  This study aims to investigate the skin microbiota of AD patients at specific timepoints (quiescence, disease flares, and post-treatment) to examine how disease state correlates with changes in the skin microflora.   <p>The 16S small subunit ribosomal (rRNA) gene is present in every bacterial cell, serving as a universal marker. The gene is sufficiently conserved to allow accurate alignment but adequately varied to enable phylogenetic analyses. Sequencing via 16S rRNA-based phylotyping has been used to survey the bacterial microbes on the skin.  Initially, we will examine the bacterial diversity associated with AD using a 16S rRNA survey and later broadening to include fungi, viruses, archaea and mites. In addition, bacteria will be cultured on a wide variety of media and isolates representing both abundant and novel species will be selected for whole genome sequencing.<p>To characterize fungal diversity, we utilize two phylogenetic markers within the rDNA region: 18S rRNA and the Intervening Internal Transcribed Spacer (ITS) region.  Full microbial diversity will be explored with shotgun metagenomic sequencing."	PMC:7945042,10151067,10541010,9600381,5666146,7857535,7488429,6833257,9667708,10591041,10609127;PubMed:34083435,22310478,23698366,37054678,28679656	SRS731428	WGS	NISC	SRX743731	MET0207	human skin metagenome	-77.09471	38.98465	lat_lon	"{""geo_loc_name"":[-77.03196,38.89036],""geo_loc_name_country_calc"":[-77.03196,38.89036],""geo_loc_name_sam"":[-77.03196,38.89036]}"									143.0	2151431.0	6682.0	144450407.0	65	27751080	1845	1518796548	Illumina HiSeq 2000	PAIRED	RANDOM	METAGENOMIC	Met0207_1_L4396746	ILLUMINA	SRP002480	2014-10-30	3579	202	5530	['MIMS.me' 'MIGS/MIMS/MIMARKS.human-skin']	['2013-01-16']	79	0.78	0.84	0.52	0.8
SRR1631055	0.803	PRJNA46333	SAMN03025570	Gene-Environment Interactions at the Skin Surface	"16S rRNA gene sequences amplified from subjects with eczema and age-matched healthy controls.<p>Microbes living in and on humans are ten times more numerous than human cells. Culture-based methods have been the primary techniques used to study microbes inhabiting humans; however, many species are not successfully grown in culture. The NIH Roadmap for Medical Research Human Microbiome Project (HMP) aims to investigate the microbes in the gastrointestinal tract, oral cavity, skin, vagina, and nares. The goal of the HMP is to comprehensively characterize the human microbiota and analyze its role in human health and disease.<p>The skin serves not only as a barrier against invading pathogens and moisture loss, but also as a host to microbial communities. The skin of an adult is an approximately 2 square meter surface with a myriad of microenvironments.  Atopic dermatitis (AD), more commonly known as eczema, is a common skin disorder that is exacerbated by Staphylococcus aureus colonization.  This study aims to investigate the skin microbiota of AD patients at specific timepoints (quiescence, disease flares, and post-treatment) to examine how disease state correlates with changes in the skin microflora.   <p>The 16S small subunit ribosomal (rRNA) gene is present in every bacterial cell, serving as a universal marker. The gene is sufficiently conserved to allow accurate alignment but adequately varied to enable phylogenetic analyses. Sequencing via 16S rRNA-based phylotyping has been used to survey the bacterial microbes on the skin.  Initially, we will examine the bacterial diversity associated with AD using a 16S rRNA survey and later broadening to include fungi, viruses, archaea and mites. In addition, bacteria will be cultured on a wide variety of media and isolates representing both abundant and novel species will be selected for whole genome sequencing.<p>To characterize fungal diversity, we utilize two phylogenetic markers within the rDNA region: 18S rRNA and the Intervening Internal Transcribed Spacer (ITS) region.  Full microbial diversity will be explored with shotgun metagenomic sequencing."	PMC:7945042,10151067,10541010,9600381,5666146,7857535,7488429,6833257,9667708,10591041,10609127;PubMed:34083435,22310478,23698366,37054678,28679656	SRS731427	WGS	NISC	SRX743730	MET0206	human skin metagenome	-77.09471	38.98465	lat_lon	"{""geo_loc_name"":[-77.03196,38.89036],""geo_loc_name_sam"":[-77.03196,38.89036],""geo_loc_name_country_calc"":[-77.03196,38.89036]}"									67.0	2173102.0	4897.0	122551720.0	54	25991811	947	1285366626	Illumina HiSeq 2000	PAIRED	RANDOM	METAGENOMIC	Met0206_1_L4396744	ILLUMINA	SRP002480	2014-10-30	2661	202	4012	['MIMS.me' 'MIGS/MIMS/MIMARKS.human-skin']	['2013-01-16']	79	0.78	0.84	0.52	0.8
SRR11477332	0.803	PRJNA391309	SAMN14533983	Craniofacial divergence in Caribbean Pupfishes	The genetic changes responsible for evolutionary transitions from generalist to specialist phenotypes are poorly understood. Here we examine the genetic basis of craniofacial traits enabling novel trophic specialization in a sympatric radiation of Cyprinodon pupfishes endemic to San Salvador Island, Bahamas.	PMC:8209238,6089502	SRS6423376	WGS	UNC CHAPEL HILL	SRX8053481	OMF1	Cyprinodon brontotheroides									caudal fin	tissue	caudal fin clip	BTO_0001827	419.0	4005721.0	8538.0	719815493.0	83	21407443	3415	1514092685	Illumina HiSeq 4000	PAIRED	RANDOM	GENOMIC	OMF1	ILLUMINA	SRP110031	2020-04-13	2628	284	8414	['Model organism or animal']		0				
SRR1631066	0.803	PRJNA46333	SAMN03025571	Gene-Environment Interactions at the Skin Surface	"16S rRNA gene sequences amplified from subjects with eczema and age-matched healthy controls.<p>Microbes living in and on humans are ten times more numerous than human cells. Culture-based methods have been the primary techniques used to study microbes inhabiting humans; however, many species are not successfully grown in culture. The NIH Roadmap for Medical Research Human Microbiome Project (HMP) aims to investigate the microbes in the gastrointestinal tract, oral cavity, skin, vagina, and nares. The goal of the HMP is to comprehensively characterize the human microbiota and analyze its role in human health and disease.<p>The skin serves not only as a barrier against invading pathogens and moisture loss, but also as a host to microbial communities. The skin of an adult is an approximately 2 square meter surface with a myriad of microenvironments.  Atopic dermatitis (AD), more commonly known as eczema, is a common skin disorder that is exacerbated by Staphylococcus aureus colonization.  This study aims to investigate the skin microbiota of AD patients at specific timepoints (quiescence, disease flares, and post-treatment) to examine how disease state correlates with changes in the skin microflora.   <p>The 16S small subunit ribosomal (rRNA) gene is present in every bacterial cell, serving as a universal marker. The gene is sufficiently conserved to allow accurate alignment but adequately varied to enable phylogenetic analyses. Sequencing via 16S rRNA-based phylotyping has been used to survey the bacterial microbes on the skin.  Initially, we will examine the bacterial diversity associated with AD using a 16S rRNA survey and later broadening to include fungi, viruses, archaea and mites. In addition, bacteria will be cultured on a wide variety of media and isolates representing both abundant and novel species will be selected for whole genome sequencing.<p>To characterize fungal diversity, we utilize two phylogenetic markers within the rDNA region: 18S rRNA and the Intervening Internal Transcribed Spacer (ITS) region.  Full microbial diversity will be explored with shotgun metagenomic sequencing."	PMC:7945042,10151067,10541010,9600381,5666146,7857535,7488429,6833257,9667708,10591041,10609127;PubMed:34083435,22310478,23698366,37054678,28679656	SRS731428	WGS	NISC	SRX743731	MET0207	human skin metagenome	-77.09471	38.98465	lat_lon	"{""geo_loc_name"":[-77.03196,38.89036],""geo_loc_name_country_calc"":[-77.03196,38.89036],""geo_loc_name_sam"":[-77.03196,38.89036]}"									167.0	1581350.0	13081.0	129904184.0	65	29317228	1926	1601382571	Illumina HiSeq 2000	PAIRED	RANDOM	METAGENOMIC	Met0207_1_L4396746	ILLUMINA	SRP002480	2014-10-30	3812	202	5881	['MIMS.me' 'MIGS/MIMS/MIMARKS.human-skin']	['2013-01-16']	79	0.78	0.84	0.52	0.8
SRR3187764	0.803	PRJNA46333	SAMN04360074	Gene-Environment Interactions at the Skin Surface	"16S rRNA gene sequences amplified from subjects with eczema and age-matched healthy controls.<p>Microbes living in and on humans are ten times more numerous than human cells. Culture-based methods have been the primary techniques used to study microbes inhabiting humans; however, many species are not successfully grown in culture. The NIH Roadmap for Medical Research Human Microbiome Project (HMP) aims to investigate the microbes in the gastrointestinal tract, oral cavity, skin, vagina, and nares. The goal of the HMP is to comprehensively characterize the human microbiota and analyze its role in human health and disease.<p>The skin serves not only as a barrier against invading pathogens and moisture loss, but also as a host to microbial communities. The skin of an adult is an approximately 2 square meter surface with a myriad of microenvironments.  Atopic dermatitis (AD), more commonly known as eczema, is a common skin disorder that is exacerbated by Staphylococcus aureus colonization.  This study aims to investigate the skin microbiota of AD patients at specific timepoints (quiescence, disease flares, and post-treatment) to examine how disease state correlates with changes in the skin microflora.   <p>The 16S small subunit ribosomal (rRNA) gene is present in every bacterial cell, serving as a universal marker. The gene is sufficiently conserved to allow accurate alignment but adequately varied to enable phylogenetic analyses. Sequencing via 16S rRNA-based phylotyping has been used to survey the bacterial microbes on the skin.  Initially, we will examine the bacterial diversity associated with AD using a 16S rRNA survey and later broadening to include fungi, viruses, archaea and mites. In addition, bacteria will be cultured on a wide variety of media and isolates representing both abundant and novel species will be selected for whole genome sequencing.<p>To characterize fungal diversity, we utilize two phylogenetic markers within the rDNA region: 18S rRNA and the Intervening Internal Transcribed Spacer (ITS) region.  Full microbial diversity will be explored with shotgun metagenomic sequencing."	PMC:7945042,10151067,10541010,9600381,5666146,7857535,7488429,6833257,9667708,10591041,10609127;PubMed:34083435,22310478,23698366,37054678,28679656	SRS1310458	WGS	NISC	SRX1600524	MET0715	human skin metagenome	-77.09471	38.98465	lat_lon	"{""geo_loc_name_country_calc"": [-77.03196, 38.89036], ""geo_loc_name_sam"": [-77.03196, 38.89036], ""geo_loc_name"": [""-77.03196"", ""38.89036""]}"									60.0	1494524.0	2957.0	85728350.0	49	12359020	1281	596137297	Illumina HiSeq 2000	PAIRED	RANDOM	METAGENOMIC	AJD0193_1_L7161108	ILLUMINA	SRP002480	2016-05-01	1841	202	2481	['MIMS.me' 'MIGS/MIMS/MIMARKS.human-skin']	['2014-04-02']	79	0.78	0.84	0.52	0.8
SRR5958578	0.803	PRJNA386859	SAMN07136293	The evolution of small RNA pathways across the arthropods	A comparison of somatic and germline small RNA pathways across the arthropods	PMC:5732027	SRS2451720	RNA-Seq	UNIVERSITY OF CAMBRIDGE	SRX3116773	Centruroides sculpturatus male soma	Centruroides sculpturatus	-77.03196	38.89036	geo_loc_name	"{""geo_loc_name_sam"": [-77.03196, 38.89036], ""geo_loc_name_country_calc"": [""-77.03196"", ""38.89036""]}"									168.0	3583605.0	4634.0	293292943.0	46	28169758	1359	1299998142	Illumina HiSeq 4000	PAIRED	RANDOM	TRANSCRIPTOMIC	CscuMSrnaseq	ILLUMINA	SRP107945	2017-10-16	5141	300	14316	['Invertebrate']		4	0.81	0.82	0.8	0.8
SRR1631065	0.802	PRJNA46333	SAMN03025571	Gene-Environment Interactions at the Skin Surface	"16S rRNA gene sequences amplified from subjects with eczema and age-matched healthy controls.<p>Microbes living in and on humans are ten times more numerous than human cells. Culture-based methods have been the primary techniques used to study microbes inhabiting humans; however, many species are not successfully grown in culture. The NIH Roadmap for Medical Research Human Microbiome Project (HMP) aims to investigate the microbes in the gastrointestinal tract, oral cavity, skin, vagina, and nares. The goal of the HMP is to comprehensively characterize the human microbiota and analyze its role in human health and disease.<p>The skin serves not only as a barrier against invading pathogens and moisture loss, but also as a host to microbial communities. The skin of an adult is an approximately 2 square meter surface with a myriad of microenvironments.  Atopic dermatitis (AD), more commonly known as eczema, is a common skin disorder that is exacerbated by Staphylococcus aureus colonization.  This study aims to investigate the skin microbiota of AD patients at specific timepoints (quiescence, disease flares, and post-treatment) to examine how disease state correlates with changes in the skin microflora.   <p>The 16S small subunit ribosomal (rRNA) gene is present in every bacterial cell, serving as a universal marker. The gene is sufficiently conserved to allow accurate alignment but adequately varied to enable phylogenetic analyses. Sequencing via 16S rRNA-based phylotyping has been used to survey the bacterial microbes on the skin.  Initially, we will examine the bacterial diversity associated with AD using a 16S rRNA survey and later broadening to include fungi, viruses, archaea and mites. In addition, bacteria will be cultured on a wide variety of media and isolates representing both abundant and novel species will be selected for whole genome sequencing.<p>To characterize fungal diversity, we utilize two phylogenetic markers within the rDNA region: 18S rRNA and the Intervening Internal Transcribed Spacer (ITS) region.  Full microbial diversity will be explored with shotgun metagenomic sequencing."	PMC:7945042,10151067,10541010,9600381,5666146,7857535,7488429,6833257,9667708,10591041,10609127;PubMed:34083435,22310478,23698366,37054678,28679656	SRS731428	WGS	NISC	SRX743731	MET0207	human skin metagenome	-77.09471	38.98465	lat_lon	"{""geo_loc_name"":[-77.03196,38.89036],""geo_loc_name_country_calc"":[-77.03196,38.89036],""geo_loc_name_sam"":[-77.03196,38.89036]}"									161.0	1742212.0	9570.0	132197637.0	66	27883281	2006	1531422180	Illumina HiSeq 2000	PAIRED	RANDOM	METAGENOMIC	Met0207_1_L4396746	ILLUMINA	SRP002480	2014-10-30	3637	202	5603	['MIMS.me' 'MIGS/MIMS/MIMARKS.human-skin']	['2013-01-16']	79	0.78	0.84	0.52	0.8
SRR3187770	0.802	PRJNA46333	SAMN04360074	Gene-Environment Interactions at the Skin Surface	"16S rRNA gene sequences amplified from subjects with eczema and age-matched healthy controls.<p>Microbes living in and on humans are ten times more numerous than human cells. Culture-based methods have been the primary techniques used to study microbes inhabiting humans; however, many species are not successfully grown in culture. The NIH Roadmap for Medical Research Human Microbiome Project (HMP) aims to investigate the microbes in the gastrointestinal tract, oral cavity, skin, vagina, and nares. The goal of the HMP is to comprehensively characterize the human microbiota and analyze its role in human health and disease.<p>The skin serves not only as a barrier against invading pathogens and moisture loss, but also as a host to microbial communities. The skin of an adult is an approximately 2 square meter surface with a myriad of microenvironments.  Atopic dermatitis (AD), more commonly known as eczema, is a common skin disorder that is exacerbated by Staphylococcus aureus colonization.  This study aims to investigate the skin microbiota of AD patients at specific timepoints (quiescence, disease flares, and post-treatment) to examine how disease state correlates with changes in the skin microflora.   <p>The 16S small subunit ribosomal (rRNA) gene is present in every bacterial cell, serving as a universal marker. The gene is sufficiently conserved to allow accurate alignment but adequately varied to enable phylogenetic analyses. Sequencing via 16S rRNA-based phylotyping has been used to survey the bacterial microbes on the skin.  Initially, we will examine the bacterial diversity associated with AD using a 16S rRNA survey and later broadening to include fungi, viruses, archaea and mites. In addition, bacteria will be cultured on a wide variety of media and isolates representing both abundant and novel species will be selected for whole genome sequencing.<p>To characterize fungal diversity, we utilize two phylogenetic markers within the rDNA region: 18S rRNA and the Intervening Internal Transcribed Spacer (ITS) region.  Full microbial diversity will be explored with shotgun metagenomic sequencing."	PMC:7945042,10151067,10541010,9600381,5666146,7857535,7488429,6833257,9667708,10591041,10609127;PubMed:34083435,22310478,23698366,37054678,28679656	SRS1310458	WGS	NISC	SRX1600524	MET0715	human skin metagenome	-77.09471	38.98465	lat_lon	"{""geo_loc_name_country_calc"": [-77.03196, 38.89036], ""geo_loc_name_sam"": [-77.03196, 38.89036], ""geo_loc_name"": [""-77.03196"", ""38.89036""]}"									178.0	491873.0	5393.0	44597623.0	52	9954192	1216	493379097	Illumina HiSeq 2000	PAIRED	RANDOM	METAGENOMIC	AJD0193_1_L7161108	ILLUMINA	SRP002480	2016-05-01	1339	202	1950	['MIMS.me' 'MIGS/MIMS/MIMARKS.human-skin']	['2014-04-02']	79	0.78	0.84	0.52	0.8
ERR5004910	0.802	PRJEB42019	SAMEA7723524	EMG produced TPA metagenomics assembly of PRJEB42019 data set (Earth Microbiome Project Multi-omics (EMP500)).	The Third Party Annotation (TPA)  assembly was derived from the primary whole genome shotgun (WGS) data set PRJEB42019, and was assembled with metaspades v3.15.3. This project includes samples from the following biomes: root:Environmental:Aquatic:Marine:Sediment.	PMC:10609127,11264914	ERS5470902	WGS	UNIVERSITY OF CALIFORNIA SAN DIEGO MICROBIOME INIT	ERX4814193	SAMEA7723524	gut metagenome	-77.05	38.93	latitude,longitude	"{""INSDC center name"": [-117.16171, 32.71568], ""gcms_run_location"": [-117.18296, 32.85299], ""geo_loc_name_country_calc"": [-77.03196, 38.89036], ""geo_loc_name_sam"": [-76.64915, 39.32281], ""geo_loc_name"": [-76.64915, 39.32281], ""physical_specimen_location"": [""-87.67421"", ""42.05071""]}"									408.0	117813.0	49396.0	29696309.0	148	1330576	6382	118814644	Illumina NovaSeq 6000	PAIRED	PCR	METAGENOMIC	13114.song.52.s010	ILLUMINA	ERP125879	2020-12-23	200	297	597			14	0.71	0.8	0.53	0.77
SRR3187742	0.802	PRJNA46333	SAMN04360068	Gene-Environment Interactions at the Skin Surface	"16S rRNA gene sequences amplified from subjects with eczema and age-matched healthy controls.<p>Microbes living in and on humans are ten times more numerous than human cells. Culture-based methods have been the primary techniques used to study microbes inhabiting humans; however, many species are not successfully grown in culture. The NIH Roadmap for Medical Research Human Microbiome Project (HMP) aims to investigate the microbes in the gastrointestinal tract, oral cavity, skin, vagina, and nares. The goal of the HMP is to comprehensively characterize the human microbiota and analyze its role in human health and disease.<p>The skin serves not only as a barrier against invading pathogens and moisture loss, but also as a host to microbial communities. The skin of an adult is an approximately 2 square meter surface with a myriad of microenvironments.  Atopic dermatitis (AD), more commonly known as eczema, is a common skin disorder that is exacerbated by Staphylococcus aureus colonization.  This study aims to investigate the skin microbiota of AD patients at specific timepoints (quiescence, disease flares, and post-treatment) to examine how disease state correlates with changes in the skin microflora.   <p>The 16S small subunit ribosomal (rRNA) gene is present in every bacterial cell, serving as a universal marker. The gene is sufficiently conserved to allow accurate alignment but adequately varied to enable phylogenetic analyses. Sequencing via 16S rRNA-based phylotyping has been used to survey the bacterial microbes on the skin.  Initially, we will examine the bacterial diversity associated with AD using a 16S rRNA survey and later broadening to include fungi, viruses, archaea and mites. In addition, bacteria will be cultured on a wide variety of media and isolates representing both abundant and novel species will be selected for whole genome sequencing.<p>To characterize fungal diversity, we utilize two phylogenetic markers within the rDNA region: 18S rRNA and the Intervening Internal Transcribed Spacer (ITS) region.  Full microbial diversity will be explored with shotgun metagenomic sequencing."	PMC:7945042,10151067,10541010,9600381,5666146,7857535,7488429,6833257,9667708,10591041,10609127;PubMed:34083435,22310478,23698366,37054678,28679656	SRS1310464	WGS	NISC	SRX1600518	MET0709	human skin metagenome	-77.09471	38.98465	lat_lon	"{""geo_loc_name"":[-77.03196,38.89036],""geo_loc_name_sam"":[-77.03196,38.89036],""geo_loc_name_country_calc"":[-77.03196,38.89036]}"									32.0	611788.0	939.0	24262316.0	42	6393091	434	274053973	Illumina HiSeq 2000	PAIRED	RANDOM	METAGENOMIC	AJD0185_1_L7161106	ILLUMINA	SRP002480	2016-05-01	540	202	747	['MIMS.me' 'MIGS/MIMS/MIMARKS.human-skin']	['2014-04-02']	79	0.78	0.84	0.52	0.8
SRR5958548	0.802	PRJNA386859	SAMN07136292	The evolution of small RNA pathways across the arthropods	A comparison of somatic and germline small RNA pathways across the arthropods	PMC:5732027	SRS2451691	RNA-Seq	UNIVERSITY OF CAMBRIDGE	SRX3116744	Centruroides sculpturatus male germline	Centruroides sculpturatus	-77.03196	38.89036	geo_loc_name	"{""geo_loc_name_country_calc"": [-77.03196, 38.89036], ""geo_loc_name_sam"": [""-77.03196"", ""38.89036""]}"									200.0	2876339.0	6444.0	282661275.0	44	39842770	1477	1761695779	Illumina HiSeq 4000	PAIRED	RANDOM	TRANSCRIPTOMIC	CscuMGrnaseq	ILLUMINA	SRP107945	2017-10-16	5414	300	15271	['Invertebrate']		4	0.81	0.82	0.8	0.8
ERR5005292	0.802	PRJEB42019	SAMEA7723980	EMG produced TPA metagenomics assembly of PRJEB42019 data set (Earth Microbiome Project Multi-omics (EMP500)).	The Third Party Annotation (TPA)  assembly was derived from the primary whole genome shotgun (WGS) data set PRJEB42019, and was assembled with metaspades v3.15.3. This project includes samples from the following biomes: root:Environmental:Aquatic:Marine:Sediment.	PMC:10609127,11264914	ERS5471357	WGS	UNIVERSITY OF CALIFORNIA SAN DIEGO MICROBIOME INIT	ERX4814575	SAMEA7723980	gut metagenome	-77.05	38.93	latitude,longitude	"{""physical_specimen_location"": [-87.67421, 42.05071], ""geo_loc_name_sam"": [-76.64915, 39.32281], ""INSDC center name"": [-117.16171, 32.71568], ""geo_loc_name_country_calc"": [-77.03196, 38.89036], ""geo_loc_name"": [""-76.64915"", ""39.32281""]}"									356.0	771348.0	46707.0	200637509.0	72	8422452	3768	588096967	Illumina NovaSeq 6000	PAIRED	PCR	METAGENOMIC	13114.song.51.s011	ILLUMINA	ERP125879	2020-12-23	1340	296	3975			14	0.71	0.8	0.53	0.77
SRR3187772	0.802	PRJNA46333	SAMN04360075	Gene-Environment Interactions at the Skin Surface	"16S rRNA gene sequences amplified from subjects with eczema and age-matched healthy controls.<p>Microbes living in and on humans are ten times more numerous than human cells. Culture-based methods have been the primary techniques used to study microbes inhabiting humans; however, many species are not successfully grown in culture. The NIH Roadmap for Medical Research Human Microbiome Project (HMP) aims to investigate the microbes in the gastrointestinal tract, oral cavity, skin, vagina, and nares. The goal of the HMP is to comprehensively characterize the human microbiota and analyze its role in human health and disease.<p>The skin serves not only as a barrier against invading pathogens and moisture loss, but also as a host to microbial communities. The skin of an adult is an approximately 2 square meter surface with a myriad of microenvironments.  Atopic dermatitis (AD), more commonly known as eczema, is a common skin disorder that is exacerbated by Staphylococcus aureus colonization.  This study aims to investigate the skin microbiota of AD patients at specific timepoints (quiescence, disease flares, and post-treatment) to examine how disease state correlates with changes in the skin microflora.   <p>The 16S small subunit ribosomal (rRNA) gene is present in every bacterial cell, serving as a universal marker. The gene is sufficiently conserved to allow accurate alignment but adequately varied to enable phylogenetic analyses. Sequencing via 16S rRNA-based phylotyping has been used to survey the bacterial microbes on the skin.  Initially, we will examine the bacterial diversity associated with AD using a 16S rRNA survey and later broadening to include fungi, viruses, archaea and mites. In addition, bacteria will be cultured on a wide variety of media and isolates representing both abundant and novel species will be selected for whole genome sequencing.<p>To characterize fungal diversity, we utilize two phylogenetic markers within the rDNA region: 18S rRNA and the Intervening Internal Transcribed Spacer (ITS) region.  Full microbial diversity will be explored with shotgun metagenomic sequencing."	PMC:7945042,10151067,10541010,9600381,5666146,7857535,7488429,6833257,9667708,10591041,10609127;PubMed:34083435,22310478,23698366,37054678,28679656	SRS1310457	WGS	NISC	SRX1600525	MET0716	human skin metagenome	-77.09471	38.98465	lat_lon	"{""geo_loc_name_sam"":[-77.03196,38.89036],""geo_loc_name"":[-77.03196,38.89036],""geo_loc_name_country_calc"":[-77.03196,38.89036]}"									175.0	135593.0	9474.0	13026810.0	43	3143182	2048	139486303	Illumina HiSeq 2000	PAIRED	RANDOM	METAGENOMIC	AJD0269_1_L7169480	ILLUMINA	SRP002480	2016-05-01	903	202	1241	['MIMS.me' 'MIGS/MIMS/MIMARKS.human-skin']	['2014-04-02']	79	0.78	0.84	0.52	0.8
SRR24403494	0.802	PRJNA966185	SAMN34537734	Comprehensive Wastewater Sequencing Reveals Community and Variant Dynamics of the Collective Human Virome	We conduct a comprehensive sequencing-based analysis of 363 longitudinal wastewater samples from ten distinct sites in two major cities. Over 450 distinct pathogenic viruses were detected. We reveal the viral landscape of human wastewater which can measure outbreaks and transmission, while informing on general population health.		SRS17516506	Targeted-Capture	BAYLOR COLLEGE OF MEDICINE	SRX20193965	EH9ETA	wastewater metagenome	-106.46095	31.77254	lat_lon	"{""geo_loc_name"": [-106.48749, 31.75916], ""geo_loc_name_sam"": [-106.48749, 31.75916], ""geo_loc_name_country_calc"": [""-77.03196"", ""38.89036""]}"									151.0	367777.0	4805.0	46035538.0	58	2054939	807	116439071	Illumina NovaSeq 6000	PAIRED	RANDOM	METAGENOMIC	EH9ETA	ILLUMINA	SRP435607	2023-05-02	560	302	1824	['MIMS.me' 'MIGS/MIMS/MIMARKS.wastewater']	['2022-08-22']	15	0.7	0.8	0.5	0.74
SRR1631059	0.802	PRJNA46333	SAMN03025571	Gene-Environment Interactions at the Skin Surface	"16S rRNA gene sequences amplified from subjects with eczema and age-matched healthy controls.<p>Microbes living in and on humans are ten times more numerous than human cells. Culture-based methods have been the primary techniques used to study microbes inhabiting humans; however, many species are not successfully grown in culture. The NIH Roadmap for Medical Research Human Microbiome Project (HMP) aims to investigate the microbes in the gastrointestinal tract, oral cavity, skin, vagina, and nares. The goal of the HMP is to comprehensively characterize the human microbiota and analyze its role in human health and disease.<p>The skin serves not only as a barrier against invading pathogens and moisture loss, but also as a host to microbial communities. The skin of an adult is an approximately 2 square meter surface with a myriad of microenvironments.  Atopic dermatitis (AD), more commonly known as eczema, is a common skin disorder that is exacerbated by Staphylococcus aureus colonization.  This study aims to investigate the skin microbiota of AD patients at specific timepoints (quiescence, disease flares, and post-treatment) to examine how disease state correlates with changes in the skin microflora.   <p>The 16S small subunit ribosomal (rRNA) gene is present in every bacterial cell, serving as a universal marker. The gene is sufficiently conserved to allow accurate alignment but adequately varied to enable phylogenetic analyses. Sequencing via 16S rRNA-based phylotyping has been used to survey the bacterial microbes on the skin.  Initially, we will examine the bacterial diversity associated with AD using a 16S rRNA survey and later broadening to include fungi, viruses, archaea and mites. In addition, bacteria will be cultured on a wide variety of media and isolates representing both abundant and novel species will be selected for whole genome sequencing.<p>To characterize fungal diversity, we utilize two phylogenetic markers within the rDNA region: 18S rRNA and the Intervening Internal Transcribed Spacer (ITS) region.  Full microbial diversity will be explored with shotgun metagenomic sequencing."	PMC:7945042,10151067,10541010,9600381,5666146,7857535,7488429,6833257,9667708,10591041,10609127;PubMed:34083435,22310478,23698366,37054678,28679656	SRS731428	WGS	NISC	SRX743731	MET0207	human skin metagenome	-77.09471	38.98465	lat_lon	"{""geo_loc_name"":[-77.03196,38.89036],""geo_loc_name_country_calc"":[-77.03196,38.89036],""geo_loc_name_sam"":[-77.03196,38.89036]}"									119.0	2144389.0	7337.0	136659392.0	65	25326996	2042	1385179329	Illumina HiSeq 2000	PAIRED	RANDOM	METAGENOMIC	Met0207_1_L4396746	ILLUMINA	SRP002480	2014-10-30	3443	202	5052	['MIMS.me' 'MIGS/MIMS/MIMARKS.human-skin']	['2013-01-16']	79	0.78	0.84	0.52	0.8
ERR5003383	0.802	PRJEB42019	SAMEA7723524	EMG produced TPA metagenomics assembly of PRJEB42019 data set (Earth Microbiome Project Multi-omics (EMP500)).	The Third Party Annotation (TPA)  assembly was derived from the primary whole genome shotgun (WGS) data set PRJEB42019, and was assembled with metaspades v3.15.3. This project includes samples from the following biomes: root:Environmental:Aquatic:Marine:Sediment.	PMC:10609127,11264914	ERS5470902	WGS	UNIVERSITY OF CALIFORNIA SAN DIEGO MICROBIOME INIT	ERX4812666	SAMEA7723524	gut metagenome	-77.05	38.93	latitude,longitude	"{""INSDC center name"": [-117.16171, 32.71568], ""gcms_run_location"": [-117.18296, 32.85299], ""geo_loc_name_country_calc"": [-77.03196, 38.89036], ""geo_loc_name_sam"": [-76.64915, 39.32281], ""geo_loc_name"": [-76.64915, 39.32281], ""physical_specimen_location"": [""-87.67421"", ""42.05071""]}"									215.0	532962.0	34327.0	100923095.0	149	2511608	6630	221770963	Illumina NovaSeq 6000	PAIRED	PCR	METAGENOMIC	13114.song.52.s010	ILLUMINA	ERP125879	2020-12-23	406	299	1194			14	0.71	0.8	0.53	0.77
SRR1631053	0.801	PRJNA46333	SAMN03025570	Gene-Environment Interactions at the Skin Surface	"16S rRNA gene sequences amplified from subjects with eczema and age-matched healthy controls.<p>Microbes living in and on humans are ten times more numerous than human cells. Culture-based methods have been the primary techniques used to study microbes inhabiting humans; however, many species are not successfully grown in culture. The NIH Roadmap for Medical Research Human Microbiome Project (HMP) aims to investigate the microbes in the gastrointestinal tract, oral cavity, skin, vagina, and nares. The goal of the HMP is to comprehensively characterize the human microbiota and analyze its role in human health and disease.<p>The skin serves not only as a barrier against invading pathogens and moisture loss, but also as a host to microbial communities. The skin of an adult is an approximately 2 square meter surface with a myriad of microenvironments.  Atopic dermatitis (AD), more commonly known as eczema, is a common skin disorder that is exacerbated by Staphylococcus aureus colonization.  This study aims to investigate the skin microbiota of AD patients at specific timepoints (quiescence, disease flares, and post-treatment) to examine how disease state correlates with changes in the skin microflora.   <p>The 16S small subunit ribosomal (rRNA) gene is present in every bacterial cell, serving as a universal marker. The gene is sufficiently conserved to allow accurate alignment but adequately varied to enable phylogenetic analyses. Sequencing via 16S rRNA-based phylotyping has been used to survey the bacterial microbes on the skin.  Initially, we will examine the bacterial diversity associated with AD using a 16S rRNA survey and later broadening to include fungi, viruses, archaea and mites. In addition, bacteria will be cultured on a wide variety of media and isolates representing both abundant and novel species will be selected for whole genome sequencing.<p>To characterize fungal diversity, we utilize two phylogenetic markers within the rDNA region: 18S rRNA and the Intervening Internal Transcribed Spacer (ITS) region.  Full microbial diversity will be explored with shotgun metagenomic sequencing."	PMC:7945042,10151067,10541010,9600381,5666146,7857535,7488429,6833257,9667708,10591041,10609127;PubMed:34083435,22310478,23698366,37054678,28679656	SRS731427	WGS	NISC	SRX743730	MET0206	human skin metagenome	-77.09471	38.98465	lat_lon	"{""geo_loc_name"":[-77.03196,38.89036],""geo_loc_name_sam"":[-77.03196,38.89036],""geo_loc_name_country_calc"":[-77.03196,38.89036]}"									60.0	2342575.0	5912.0	130048277.0	54	27187781	980	1339778212	Illumina HiSeq 2000	PAIRED	RANDOM	METAGENOMIC	Met0206_1_L4396744	ILLUMINA	SRP002480	2014-10-30	2758	202	4199	['MIMS.me' 'MIGS/MIMS/MIMARKS.human-skin']	['2013-01-16']	79	0.78	0.84	0.52	0.8
ERR5002104	0.801	PRJEB42019	SAMEA7723524	EMG produced TPA metagenomics assembly of PRJEB42019 data set (Earth Microbiome Project Multi-omics (EMP500)).	The Third Party Annotation (TPA)  assembly was derived from the primary whole genome shotgun (WGS) data set PRJEB42019, and was assembled with metaspades v3.15.3. This project includes samples from the following biomes: root:Environmental:Aquatic:Marine:Sediment.	PMC:10609127,11264914	ERS5470902	WGS	UNIVERSITY OF CALIFORNIA SAN DIEGO MICROBIOME INIT	ERX4811387	SAMEA7723524	gut metagenome	-77.05	38.93	latitude,longitude	"{""INSDC center name"": [-117.16171, 32.71568], ""gcms_run_location"": [-117.18296, 32.85299], ""geo_loc_name_country_calc"": [-77.03196, 38.89036], ""geo_loc_name_sam"": [-76.64915, 39.32281], ""geo_loc_name"": [-76.64915, 39.32281], ""physical_specimen_location"": [""-87.67421"", ""42.05071""]}"									220.0	492824.0	88338.0	97766504.0	149	2466212	6025	217686525	Illumina NovaSeq 6000	PAIRED	PCR	METAGENOMIC	13114.song.52.s010	ILLUMINA	ERP125879	2020-12-22	402	299	1175			14	0.71	0.8	0.53	0.77
SRR7270785	0.801	PRJNA428365	SAMN08891674	unclassified sequences Metagenome	As multiple species of bats are currently experiencing dramatic declines in populations due to White-Nose Syndrome (WNS) and other factors, conservation managers have an urgent need for data on the ecology and overall status of populations of once-common bat species. Standard approaches to obtain data on bat populations often involve capture and handling, requiring extensive expertise and unavoidably resulting in stress to the bats. New methods to rapidly obtain critical data are needed that minimize both the stress on bats and the spread of WNS. Guano provides a non-invasive source of DNA that includes information from the bat, but also dietary items, parasites, and pathogens. DNA metabarcoding is a high-throughput, DNA-based identification technique to assess the biodiversity of environmental or fecal samples. We investigated the use of Multifaceted DNA Metabarcoding (MDM), a technique combining next-generation DNA sequencing (NGS), DNA barcodes, and bioinformatic analysis, to simultaneously collect data on multiple parameters of interest (bat species composition, individual genotype, sex ratios, diet, parasites, and presence of WNS) from fecal samples using a single NGS run. We tested the accuracy of each MDM assay by using samples in which these parameters were previously determined using conventional approaches. We found that assays for bat species identification, insect diet, parasite diversity, and genotype were both sensitive and accurate, the assay to detect WNS was highly sensitive but requires careful sample processing steps to ensure the reliability of results, while assays for nectivorous diet and sex showed lower sensitivity. MDM was able to quantify multiple data classes from fecal samples simultaneously, and results were consistent whether we included assays for a single data class or multiple data classes. Overall, MDM is a useful approach that employs non-invasive sampling and a customizable suite of assays to gain important and largely accurate information on bat ecology and population dynamics.	PMC:6050187	SRS3386087	AMPLICON	MISSOURI BOTANICAL GARDEN	SRX4174467	3-17_ANPA_Run4	feces metagenome	-97.35669	32.72297	lat_lon	"{""geo_loc_name_country_calc"": [-77.03196, 38.89036], ""geo_loc_name_sam"": [-97.743, 30.26759], ""geo_loc_name"": [""-97.743"", ""30.26759""]}"									217.0	8664.0	916.0	1057097.0	39	153999	483	6850843	Illumina MiSeq	PAIRED	PCR	GENOMIC	Run4-74	ILLUMINA	SRP149901	2018-06-06	48	396	81	['Metagenome or environmental']	['2016-03-23']	4	0.65	0.8	0.59	0.61
ERR5004123	0.801	PRJEB42019	SAMEA7723524	EMG produced TPA metagenomics assembly of PRJEB42019 data set (Earth Microbiome Project Multi-omics (EMP500)).	The Third Party Annotation (TPA)  assembly was derived from the primary whole genome shotgun (WGS) data set PRJEB42019, and was assembled with metaspades v3.15.3. This project includes samples from the following biomes: root:Environmental:Aquatic:Marine:Sediment.	PMC:10609127,11264914	ERS5470902	WGS	UNIVERSITY OF CALIFORNIA SAN DIEGO MICROBIOME INIT	ERX4813406	SAMEA7723524	gut metagenome	-77.05	38.93	latitude,longitude	"{""INSDC center name"": [-117.16171, 32.71568], ""gcms_run_location"": [-117.18296, 32.85299], ""geo_loc_name_country_calc"": [-77.03196, 38.89036], ""geo_loc_name_sam"": [-76.64915, 39.32281], ""geo_loc_name"": [-76.64915, 39.32281], ""physical_specimen_location"": [""-87.67421"", ""42.05071""]}"									426.0	106128.0	64274.0	28667589.0	147	1275302	6216	112874033	Illumina NovaSeq 6000	PAIRED	PCR	METAGENOMIC	13114.song.52.s010	ILLUMINA	ERP125879	2020-12-23	195	297	574			14	0.71	0.8	0.53	0.77
ERR5005290	0.801	PRJEB42019	SAMEA7723978	EMG produced TPA metagenomics assembly of PRJEB42019 data set (Earth Microbiome Project Multi-omics (EMP500)).	The Third Party Annotation (TPA)  assembly was derived from the primary whole genome shotgun (WGS) data set PRJEB42019, and was assembled with metaspades v3.15.3. This project includes samples from the following biomes: root:Environmental:Aquatic:Marine:Sediment.	PMC:10609127,11264914	ERS5471355	WGS	UNIVERSITY OF CALIFORNIA SAN DIEGO MICROBIOME INIT	ERX4814573	SAMEA7723978	gut metagenome	-77.05	38.93	latitude,longitude	"{""INSDC center name"": [-117.16171, 32.71568], ""geo_loc_name"": [-76.64915, 39.32281], ""geo_loc_name_country_calc"": [-77.03196, 38.89036], ""geo_loc_name_sam"": [-76.64915, 39.32281], ""physical_specimen_location"": [""-87.67421"", ""42.05071""]}"									844.0	331247.0	47738.0	140808363.0	137	2934388	4032	273518362	Illumina NovaSeq 6000	PAIRED	PCR	METAGENOMIC	13114.song.51.s009	ILLUMINA	ERP125879	2020-12-23	946	296	2789			14	0.71	0.8	0.53	0.77
SRR3187450	0.801	PRJNA46333	SAMN04360065	Gene-Environment Interactions at the Skin Surface	"16S rRNA gene sequences amplified from subjects with eczema and age-matched healthy controls.<p>Microbes living in and on humans are ten times more numerous than human cells. Culture-based methods have been the primary techniques used to study microbes inhabiting humans; however, many species are not successfully grown in culture. The NIH Roadmap for Medical Research Human Microbiome Project (HMP) aims to investigate the microbes in the gastrointestinal tract, oral cavity, skin, vagina, and nares. The goal of the HMP is to comprehensively characterize the human microbiota and analyze its role in human health and disease.<p>The skin serves not only as a barrier against invading pathogens and moisture loss, but also as a host to microbial communities. The skin of an adult is an approximately 2 square meter surface with a myriad of microenvironments.  Atopic dermatitis (AD), more commonly known as eczema, is a common skin disorder that is exacerbated by Staphylococcus aureus colonization.  This study aims to investigate the skin microbiota of AD patients at specific timepoints (quiescence, disease flares, and post-treatment) to examine how disease state correlates with changes in the skin microflora.   <p>The 16S small subunit ribosomal (rRNA) gene is present in every bacterial cell, serving as a universal marker. The gene is sufficiently conserved to allow accurate alignment but adequately varied to enable phylogenetic analyses. Sequencing via 16S rRNA-based phylotyping has been used to survey the bacterial microbes on the skin.  Initially, we will examine the bacterial diversity associated with AD using a 16S rRNA survey and later broadening to include fungi, viruses, archaea and mites. In addition, bacteria will be cultured on a wide variety of media and isolates representing both abundant and novel species will be selected for whole genome sequencing.<p>To characterize fungal diversity, we utilize two phylogenetic markers within the rDNA region: 18S rRNA and the Intervening Internal Transcribed Spacer (ITS) region.  Full microbial diversity will be explored with shotgun metagenomic sequencing."	PMC:7945042,10151067,10541010,9600381,5666146,7857535,7488429,6833257,9667708,10591041,10609127;PubMed:34083435,22310478,23698366,37054678,28679656	SRS1310229	WGS	NISC	SRX1600321	MET0706	human skin metagenome	-77.09471	38.98465	lat_lon	"{""geo_loc_name_sam"": [-77.03196, 38.89036], ""geo_loc_name_country_calc"": [-77.03196, 38.89036], ""geo_loc_name"": [""-77.03196"", ""38.89036""]}"									413.0	161019.0	10800.0	24862443.0	43	6052054	1369	262960565	Illumina HiSeq 2000	PAIRED	RANDOM	METAGENOMIC	AJD0276_1_L7169448	ILLUMINA	SRP002480	2016-05-01	1260	202	1710	['MIMS.me' 'MIGS/MIMS/MIMARKS.human-skin']	['2014-04-02']	79	0.78	0.84	0.52	0.8
SRR3188289	0.801	PRJNA46333	SAMN04360092	Gene-Environment Interactions at the Skin Surface	"16S rRNA gene sequences amplified from subjects with eczema and age-matched healthy controls.<p>Microbes living in and on humans are ten times more numerous than human cells. Culture-based methods have been the primary techniques used to study microbes inhabiting humans; however, many species are not successfully grown in culture. The NIH Roadmap for Medical Research Human Microbiome Project (HMP) aims to investigate the microbes in the gastrointestinal tract, oral cavity, skin, vagina, and nares. The goal of the HMP is to comprehensively characterize the human microbiota and analyze its role in human health and disease.<p>The skin serves not only as a barrier against invading pathogens and moisture loss, but also as a host to microbial communities. The skin of an adult is an approximately 2 square meter surface with a myriad of microenvironments.  Atopic dermatitis (AD), more commonly known as eczema, is a common skin disorder that is exacerbated by Staphylococcus aureus colonization.  This study aims to investigate the skin microbiota of AD patients at specific timepoints (quiescence, disease flares, and post-treatment) to examine how disease state correlates with changes in the skin microflora.   <p>The 16S small subunit ribosomal (rRNA) gene is present in every bacterial cell, serving as a universal marker. The gene is sufficiently conserved to allow accurate alignment but adequately varied to enable phylogenetic analyses. Sequencing via 16S rRNA-based phylotyping has been used to survey the bacterial microbes on the skin.  Initially, we will examine the bacterial diversity associated with AD using a 16S rRNA survey and later broadening to include fungi, viruses, archaea and mites. In addition, bacteria will be cultured on a wide variety of media and isolates representing both abundant and novel species will be selected for whole genome sequencing.<p>To characterize fungal diversity, we utilize two phylogenetic markers within the rDNA region: 18S rRNA and the Intervening Internal Transcribed Spacer (ITS) region.  Full microbial diversity will be explored with shotgun metagenomic sequencing."	PMC:7945042,10151067,10541010,9600381,5666146,7857535,7488429,6833257,9667708,10591041,10609127;PubMed:34083435,22310478,23698366,37054678,28679656	SRS1311193	WGS	NISC	SRX1601318	MET0735	human skin metagenome	-77.09471	38.98465	lat_lon	"{""geo_loc_name_sam"": [-77.03196, 38.89036], ""geo_loc_name"": [-77.03196, 38.89036], ""geo_loc_name_country_calc"": [""-77.03196"", ""38.89036""]}"									42.0	1007392.0	3664.0	48566695.0	39	9042712	2145	373031398	Illumina HiSeq 2000	PAIRED	RANDOM	METAGENOMIC	AJD0271_1_L7169424	ILLUMINA	SRP002480	2016-05-01	2391	202	3319	['MIMS.me' 'MIGS/MIMS/MIMARKS.human-skin']	['2014-05-14']	79	0.78	0.84	0.52	0.8
SRR3188151	0.8	PRJNA46333	SAMN04360085	Gene-Environment Interactions at the Skin Surface	"16S rRNA gene sequences amplified from subjects with eczema and age-matched healthy controls.<p>Microbes living in and on humans are ten times more numerous than human cells. Culture-based methods have been the primary techniques used to study microbes inhabiting humans; however, many species are not successfully grown in culture. The NIH Roadmap for Medical Research Human Microbiome Project (HMP) aims to investigate the microbes in the gastrointestinal tract, oral cavity, skin, vagina, and nares. The goal of the HMP is to comprehensively characterize the human microbiota and analyze its role in human health and disease.<p>The skin serves not only as a barrier against invading pathogens and moisture loss, but also as a host to microbial communities. The skin of an adult is an approximately 2 square meter surface with a myriad of microenvironments.  Atopic dermatitis (AD), more commonly known as eczema, is a common skin disorder that is exacerbated by Staphylococcus aureus colonization.  This study aims to investigate the skin microbiota of AD patients at specific timepoints (quiescence, disease flares, and post-treatment) to examine how disease state correlates with changes in the skin microflora.   <p>The 16S small subunit ribosomal (rRNA) gene is present in every bacterial cell, serving as a universal marker. The gene is sufficiently conserved to allow accurate alignment but adequately varied to enable phylogenetic analyses. Sequencing via 16S rRNA-based phylotyping has been used to survey the bacterial microbes on the skin.  Initially, we will examine the bacterial diversity associated with AD using a 16S rRNA survey and later broadening to include fungi, viruses, archaea and mites. In addition, bacteria will be cultured on a wide variety of media and isolates representing both abundant and novel species will be selected for whole genome sequencing.<p>To characterize fungal diversity, we utilize two phylogenetic markers within the rDNA region: 18S rRNA and the Intervening Internal Transcribed Spacer (ITS) region.  Full microbial diversity will be explored with shotgun metagenomic sequencing."	PMC:7945042,10151067,10541010,9600381,5666146,7857535,7488429,6833257,9667708,10591041,10609127;PubMed:34083435,22310478,23698366,37054678,28679656	SRS1310711	WGS	NISC	SRX1600840	MET0728	human skin metagenome	-77.09471	38.98465	lat_lon	"{""geo_loc_name_sam"": [-77.03196, 38.89036], ""geo_loc_name"": [-77.03196, 38.89036], ""geo_loc_name_country_calc"": [""-77.03196"", ""38.89036""]}"									32.0	2127342.0	1053.0	81947903.0	45	15284521	526	670524730	Illumina HiSeq 2000	PAIRED	RANDOM	METAGENOMIC	AJD0190_1_L7161114	ILLUMINA	SRP002480	2016-05-01	1417	202	1992	['MIMS.me' 'MIGS/MIMS/MIMARKS.human-skin']	['2014-05-14']	79	0.78	0.84	0.52	0.8
SRR24403528	0.8	PRJNA966185	SAMN34537733	Comprehensive Wastewater Sequencing Reveals Community and Variant Dynamics of the Collective Human Virome	We conduct a comprehensive sequencing-based analysis of 363 longitudinal wastewater samples from ten distinct sites in two major cities. Over 450 distinct pathogenic viruses were detected. We reveal the viral landscape of human wastewater which can measure outbreaks and transmission, while informing on general population health.		SRS17516472	Targeted-Capture	BAYLOR COLLEGE OF MEDICINE	SRX20193904	RCLLTK	wastewater metagenome	-106.46095	31.77254	lat_lon	"{""geo_loc_name_sam"": [-106.48749, 31.75916], ""geo_loc_name_country_calc"": [-77.03196, 38.89036], ""geo_loc_name"": [""-106.48749"", ""31.75916""]}"									151.0	518748.0	7485.0	67534936.0	61	2503865	679	151854016	Illumina NovaSeq 6000	PAIRED	RANDOM	METAGENOMIC	RCLLTK	ILLUMINA	SRP435607	2023-05-02	503	302	1602	['MIMS.me' 'MIGS/MIMS/MIMARKS.wastewater']	['2022-08-15']	15	0.7	0.8	0.5	0.74
SRR3187763	0.8	PRJNA46333	SAMN04360074	Gene-Environment Interactions at the Skin Surface	"16S rRNA gene sequences amplified from subjects with eczema and age-matched healthy controls.<p>Microbes living in and on humans are ten times more numerous than human cells. Culture-based methods have been the primary techniques used to study microbes inhabiting humans; however, many species are not successfully grown in culture. The NIH Roadmap for Medical Research Human Microbiome Project (HMP) aims to investigate the microbes in the gastrointestinal tract, oral cavity, skin, vagina, and nares. The goal of the HMP is to comprehensively characterize the human microbiota and analyze its role in human health and disease.<p>The skin serves not only as a barrier against invading pathogens and moisture loss, but also as a host to microbial communities. The skin of an adult is an approximately 2 square meter surface with a myriad of microenvironments.  Atopic dermatitis (AD), more commonly known as eczema, is a common skin disorder that is exacerbated by Staphylococcus aureus colonization.  This study aims to investigate the skin microbiota of AD patients at specific timepoints (quiescence, disease flares, and post-treatment) to examine how disease state correlates with changes in the skin microflora.   <p>The 16S small subunit ribosomal (rRNA) gene is present in every bacterial cell, serving as a universal marker. The gene is sufficiently conserved to allow accurate alignment but adequately varied to enable phylogenetic analyses. Sequencing via 16S rRNA-based phylotyping has been used to survey the bacterial microbes on the skin.  Initially, we will examine the bacterial diversity associated with AD using a 16S rRNA survey and later broadening to include fungi, viruses, archaea and mites. In addition, bacteria will be cultured on a wide variety of media and isolates representing both abundant and novel species will be selected for whole genome sequencing.<p>To characterize fungal diversity, we utilize two phylogenetic markers within the rDNA region: 18S rRNA and the Intervening Internal Transcribed Spacer (ITS) region.  Full microbial diversity will be explored with shotgun metagenomic sequencing."	PMC:7945042,10151067,10541010,9600381,5666146,7857535,7488429,6833257,9667708,10591041,10609127;PubMed:34083435,22310478,23698366,37054678,28679656	SRS1310458	WGS	NISC	SRX1600524	MET0715	human skin metagenome	-77.09471	38.98465	lat_lon	"{""geo_loc_name_country_calc"": [-77.03196, 38.89036], ""geo_loc_name_sam"": [-77.03196, 38.89036], ""geo_loc_name"": [""-77.03196"", ""38.89036""]}"									170.0	391741.0	5645.0	33331341.0	55	6604220	1245	334469580	Illumina HiSeq 2000	PAIRED	RANDOM	METAGENOMIC	AJD0193_1_L7161108	ILLUMINA	SRP002480	2016-05-01	940	202	1337	['MIMS.me' 'MIGS/MIMS/MIMARKS.human-skin']	['2014-04-02']	79	0.78	0.84	0.52	0.8
SRR1631067	0.8	PRJNA46333	SAMN03025571	Gene-Environment Interactions at the Skin Surface	"16S rRNA gene sequences amplified from subjects with eczema and age-matched healthy controls.<p>Microbes living in and on humans are ten times more numerous than human cells. Culture-based methods have been the primary techniques used to study microbes inhabiting humans; however, many species are not successfully grown in culture. The NIH Roadmap for Medical Research Human Microbiome Project (HMP) aims to investigate the microbes in the gastrointestinal tract, oral cavity, skin, vagina, and nares. The goal of the HMP is to comprehensively characterize the human microbiota and analyze its role in human health and disease.<p>The skin serves not only as a barrier against invading pathogens and moisture loss, but also as a host to microbial communities. The skin of an adult is an approximately 2 square meter surface with a myriad of microenvironments.  Atopic dermatitis (AD), more commonly known as eczema, is a common skin disorder that is exacerbated by Staphylococcus aureus colonization.  This study aims to investigate the skin microbiota of AD patients at specific timepoints (quiescence, disease flares, and post-treatment) to examine how disease state correlates with changes in the skin microflora.   <p>The 16S small subunit ribosomal (rRNA) gene is present in every bacterial cell, serving as a universal marker. The gene is sufficiently conserved to allow accurate alignment but adequately varied to enable phylogenetic analyses. Sequencing via 16S rRNA-based phylotyping has been used to survey the bacterial microbes on the skin.  Initially, we will examine the bacterial diversity associated with AD using a 16S rRNA survey and later broadening to include fungi, viruses, archaea and mites. In addition, bacteria will be cultured on a wide variety of media and isolates representing both abundant and novel species will be selected for whole genome sequencing.<p>To characterize fungal diversity, we utilize two phylogenetic markers within the rDNA region: 18S rRNA and the Intervening Internal Transcribed Spacer (ITS) region.  Full microbial diversity will be explored with shotgun metagenomic sequencing."	PMC:7945042,10151067,10541010,9600381,5666146,7857535,7488429,6833257,9667708,10591041,10609127;PubMed:34083435,22310478,23698366,37054678,28679656	SRS731428	WGS	NISC	SRX743731	MET0207	human skin metagenome	-77.09471	38.98465	lat_lon	"{""geo_loc_name"":[-77.03196,38.89036],""geo_loc_name_country_calc"":[-77.03196,38.89036],""geo_loc_name_sam"":[-77.03196,38.89036]}"									143.0	2163109.0	8358.0	144617063.0	66	27576429	1802	1510805902	Illumina HiSeq 2000	PAIRED	RANDOM	METAGENOMIC	Met0207_1_L4396746	ILLUMINA	SRP002480	2014-10-30	3552	202	5505	['MIMS.me' 'MIGS/MIMS/MIMARKS.human-skin']	['2013-01-16']	79	0.78	0.84	0.52	0.8
SRR3187766	0.8	PRJNA46333	SAMN04360074	Gene-Environment Interactions at the Skin Surface	"16S rRNA gene sequences amplified from subjects with eczema and age-matched healthy controls.<p>Microbes living in and on humans are ten times more numerous than human cells. Culture-based methods have been the primary techniques used to study microbes inhabiting humans; however, many species are not successfully grown in culture. The NIH Roadmap for Medical Research Human Microbiome Project (HMP) aims to investigate the microbes in the gastrointestinal tract, oral cavity, skin, vagina, and nares. The goal of the HMP is to comprehensively characterize the human microbiota and analyze its role in human health and disease.<p>The skin serves not only as a barrier against invading pathogens and moisture loss, but also as a host to microbial communities. The skin of an adult is an approximately 2 square meter surface with a myriad of microenvironments.  Atopic dermatitis (AD), more commonly known as eczema, is a common skin disorder that is exacerbated by Staphylococcus aureus colonization.  This study aims to investigate the skin microbiota of AD patients at specific timepoints (quiescence, disease flares, and post-treatment) to examine how disease state correlates with changes in the skin microflora.   <p>The 16S small subunit ribosomal (rRNA) gene is present in every bacterial cell, serving as a universal marker. The gene is sufficiently conserved to allow accurate alignment but adequately varied to enable phylogenetic analyses. Sequencing via 16S rRNA-based phylotyping has been used to survey the bacterial microbes on the skin.  Initially, we will examine the bacterial diversity associated with AD using a 16S rRNA survey and later broadening to include fungi, viruses, archaea and mites. In addition, bacteria will be cultured on a wide variety of media and isolates representing both abundant and novel species will be selected for whole genome sequencing.<p>To characterize fungal diversity, we utilize two phylogenetic markers within the rDNA region: 18S rRNA and the Intervening Internal Transcribed Spacer (ITS) region.  Full microbial diversity will be explored with shotgun metagenomic sequencing."	PMC:7945042,10151067,10541010,9600381,5666146,7857535,7488429,6833257,9667708,10591041,10609127;PubMed:34083435,22310478,23698366,37054678,28679656	SRS1310458	WGS	NISC	SRX1600524	MET0715	human skin metagenome	-77.09471	38.98465	lat_lon	"{""geo_loc_name_country_calc"": [-77.03196, 38.89036], ""geo_loc_name_sam"": [-77.03196, 38.89036], ""geo_loc_name"": [""-77.03196"", ""38.89036""]}"									173.0	619314.0	6750.0	53323782.0	51	11360365	1303	558961559	Illumina HiSeq 2000	PAIRED	RANDOM	METAGENOMIC	AJD0193_1_L7161108	ILLUMINA	SRP002480	2016-05-01	1607	202	2254	['MIMS.me' 'MIGS/MIMS/MIMARKS.human-skin']	['2014-04-02']	79	0.78	0.84	0.52	0.8
SRR3187769	0.8	PRJNA46333	SAMN04360074	Gene-Environment Interactions at the Skin Surface	"16S rRNA gene sequences amplified from subjects with eczema and age-matched healthy controls.<p>Microbes living in and on humans are ten times more numerous than human cells. Culture-based methods have been the primary techniques used to study microbes inhabiting humans; however, many species are not successfully grown in culture. The NIH Roadmap for Medical Research Human Microbiome Project (HMP) aims to investigate the microbes in the gastrointestinal tract, oral cavity, skin, vagina, and nares. The goal of the HMP is to comprehensively characterize the human microbiota and analyze its role in human health and disease.<p>The skin serves not only as a barrier against invading pathogens and moisture loss, but also as a host to microbial communities. The skin of an adult is an approximately 2 square meter surface with a myriad of microenvironments.  Atopic dermatitis (AD), more commonly known as eczema, is a common skin disorder that is exacerbated by Staphylococcus aureus colonization.  This study aims to investigate the skin microbiota of AD patients at specific timepoints (quiescence, disease flares, and post-treatment) to examine how disease state correlates with changes in the skin microflora.   <p>The 16S small subunit ribosomal (rRNA) gene is present in every bacterial cell, serving as a universal marker. The gene is sufficiently conserved to allow accurate alignment but adequately varied to enable phylogenetic analyses. Sequencing via 16S rRNA-based phylotyping has been used to survey the bacterial microbes on the skin.  Initially, we will examine the bacterial diversity associated with AD using a 16S rRNA survey and later broadening to include fungi, viruses, archaea and mites. In addition, bacteria will be cultured on a wide variety of media and isolates representing both abundant and novel species will be selected for whole genome sequencing.<p>To characterize fungal diversity, we utilize two phylogenetic markers within the rDNA region: 18S rRNA and the Intervening Internal Transcribed Spacer (ITS) region.  Full microbial diversity will be explored with shotgun metagenomic sequencing."	PMC:7945042,10151067,10541010,9600381,5666146,7857535,7488429,6833257,9667708,10591041,10609127;PubMed:34083435,22310478,23698366,37054678,28679656	SRS1310458	WGS	NISC	SRX1600524	MET0715	human skin metagenome	-77.09471	38.98465	lat_lon	"{""geo_loc_name_country_calc"": [-77.03196, 38.89036], ""geo_loc_name_sam"": [-77.03196, 38.89036], ""geo_loc_name"": [""-77.03196"", ""38.89036""]}"									156.0	764845.0	5216.0	57746978.0	51	11142680	1321	549291261	Illumina HiSeq 2000	PAIRED	RANDOM	METAGENOMIC	AJD0193_1_L7161108	ILLUMINA	SRP002480	2016-05-01	1552	202	2202	['MIMS.me' 'MIGS/MIMS/MIMARKS.human-skin']	['2014-04-02']	79	0.78	0.84	0.52	0.8
SRR24403530	0.8	PRJNA966185	SAMN34537731	Comprehensive Wastewater Sequencing Reveals Community and Variant Dynamics of the Collective Human Virome	We conduct a comprehensive sequencing-based analysis of 363 longitudinal wastewater samples from ten distinct sites in two major cities. Over 450 distinct pathogenic viruses were detected. We reveal the viral landscape of human wastewater which can measure outbreaks and transmission, while informing on general population health.		SRS17516470	Targeted-Capture	BAYLOR COLLEGE OF MEDICINE	SRX20193900	U88BCQ	wastewater metagenome	-106.46095	31.77254	lat_lon	"{""geo_loc_name_country_calc"": [-77.03196, 38.89036], ""geo_loc_name"": [-106.48749, 31.75916], ""geo_loc_name_sam"": [""-106.48749"", ""31.75916""]}"									160.0	489493.0	8167.0	72382818.0	74	2667997	930	170871153	Illumina NovaSeq 6000	PAIRED	RANDOM	METAGENOMIC	U88BCQ	ILLUMINA	SRP435607	2023-05-02	476	302	1476	['MIMS.me' 'MIGS/MIMS/MIMARKS.wastewater']	['2022-08-08']	15	0.7	0.8	0.5	0.74
ERR5005311	0.799	PRJEB42019	SAMEA7723524	EMG produced TPA metagenomics assembly of PRJEB42019 data set (Earth Microbiome Project Multi-omics (EMP500)).	The Third Party Annotation (TPA)  assembly was derived from the primary whole genome shotgun (WGS) data set PRJEB42019, and was assembled with metaspades v3.15.3. This project includes samples from the following biomes: root:Environmental:Aquatic:Marine:Sediment.	PMC:10609127,11264914	ERS5470902	WGS	UNIVERSITY OF CALIFORNIA SAN DIEGO MICROBIOME INIT	ERX4814594	SAMEA7723524	gut metagenome	-77.05	38.93	latitude,longitude	"{""INSDC center name"": [-117.16171, 32.71568], ""gcms_run_location"": [-117.18296, 32.85299], ""geo_loc_name_country_calc"": [-77.03196, 38.89036], ""geo_loc_name_sam"": [-76.64915, 39.32281], ""geo_loc_name"": [-76.64915, 39.32281], ""physical_specimen_location"": [""-87.67421"", ""42.05071""]}"									203.0	1034983.0	20641.0	172140271.0	147	5359477	3090	432695398	Illumina NovaSeq 6000	PAIRED	PCR	METAGENOMIC	13114.song.52.s010	ILLUMINA	ERP125879	2020-12-23	1147	298	3381			14	0.71	0.8	0.53	0.77
SRR17547445	0.799	PRJNA604820	SAMN21207658	Skin metagenome from antibiotics treated healthy human subjects	Systemic antibiotics are widely prescribed for infectious as well as cutaneous etiologies, ranging from cellulitis, abscesses, and impetigo, to acne. However, the effects of antibiotics on skin microbial communities are not well understood. Here, we administered four antibiotic regimens [doxycycline (20mg or 100mg twice daily for 56 days), cephalexin (500mg three times daily for 14 days), or trimethoprim/sulfamethoxazole (TMP/SMX, 160/800 mg twice daily for 14 days), n=3-4 for each regimen], which are commonly used in dermatology, to healthy human volunteers. Swabs from multiple skin and oral sites and stool samples were collected before, during, and up to 1 year after antibiotic use, and shotgun metagenomic sequencing performed.	PMC:10591041,10609127;PubMed:34936382	SRS11594732	WGS	NISC	SRX13716968	Subject12_Vf_D224	human skin metagenome	-77.09471	38.98465	lat_lon	"{""geo_loc_name"": [-77.03196, 38.89036], ""geo_loc_name_sam"": [-77.03196, 38.89036], ""geo_loc_name_country_calc"": [""-77.03196"", ""38.89036""]}"									165.0	715067.0	5816.0	56797916.0	67	9820915	1283	546304186	Illumina HiSeq 2500	PAIRED	RANDOM	METAGENOMIC	ASF4246_1_L16213307	ILLUMINA	SRP352341	2022-01-12	882	252	2006	['MIMS.me' 'MIGS/MIMS/MIMARKS.human-skin']	['2013-11-13']	79	0.78	0.84	0.52	0.8
SRR1631056	0.799	PRJNA46333	SAMN03025571	Gene-Environment Interactions at the Skin Surface	"16S rRNA gene sequences amplified from subjects with eczema and age-matched healthy controls.<p>Microbes living in and on humans are ten times more numerous than human cells. Culture-based methods have been the primary techniques used to study microbes inhabiting humans; however, many species are not successfully grown in culture. The NIH Roadmap for Medical Research Human Microbiome Project (HMP) aims to investigate the microbes in the gastrointestinal tract, oral cavity, skin, vagina, and nares. The goal of the HMP is to comprehensively characterize the human microbiota and analyze its role in human health and disease.<p>The skin serves not only as a barrier against invading pathogens and moisture loss, but also as a host to microbial communities. The skin of an adult is an approximately 2 square meter surface with a myriad of microenvironments.  Atopic dermatitis (AD), more commonly known as eczema, is a common skin disorder that is exacerbated by Staphylococcus aureus colonization.  This study aims to investigate the skin microbiota of AD patients at specific timepoints (quiescence, disease flares, and post-treatment) to examine how disease state correlates with changes in the skin microflora.   <p>The 16S small subunit ribosomal (rRNA) gene is present in every bacterial cell, serving as a universal marker. The gene is sufficiently conserved to allow accurate alignment but adequately varied to enable phylogenetic analyses. Sequencing via 16S rRNA-based phylotyping has been used to survey the bacterial microbes on the skin.  Initially, we will examine the bacterial diversity associated with AD using a 16S rRNA survey and later broadening to include fungi, viruses, archaea and mites. In addition, bacteria will be cultured on a wide variety of media and isolates representing both abundant and novel species will be selected for whole genome sequencing.<p>To characterize fungal diversity, we utilize two phylogenetic markers within the rDNA region: 18S rRNA and the Intervening Internal Transcribed Spacer (ITS) region.  Full microbial diversity will be explored with shotgun metagenomic sequencing."	PMC:7945042,10151067,10541010,9600381,5666146,7857535,7488429,6833257,9667708,10591041,10609127;PubMed:34083435,22310478,23698366,37054678,28679656	SRS731428	WGS	NISC	SRX743731	MET0207	human skin metagenome	-77.09471	38.98465	lat_lon	"{""geo_loc_name"":[-77.03196,38.89036],""geo_loc_name_country_calc"":[-77.03196,38.89036],""geo_loc_name_sam"":[-77.03196,38.89036]}"									167.0	1322593.0	9578.0	106263094.0	66	23844508	1817	1307881755	Illumina HiSeq 2000	PAIRED	RANDOM	METAGENOMIC	Met0207_1_L4396746	ILLUMINA	SRP002480	2014-10-30	3242	202	4736	['MIMS.me' 'MIGS/MIMS/MIMARKS.human-skin']	['2013-01-16']	79	0.78	0.84	0.52	0.8
SRR25828983	0.798	PRJNA786367	SAMN37213140	Hypotaenidia owstoni	"Biomaterial provider: Klaus-Peter Koepfli, Smithsonian-Mason School of Conservation<br><hr>SPAdes preassembly<br>Decontaminated FSCR"		SRS18757585	WGS	IRIDIAN GENOMES	SRX21550573	Hypotaenidia owstoni	Hypotaenidia owstoni	-77.03196	38.89037	geo_loc_name	"{""geo_loc_name_sam"": [-77.03196, 38.89037], ""geo_loc_name_country_calc"": [""-77.03196"", ""38.89036""]}"									1796.0	9457809.0	36363.0	1405633792.0	52	62045152	6988	3351438794	HiSeq X Ten	PAIRED	RANDOM	GENOMIC	hypotaenidia_owstoni_000	ILLUMINA	SRP457775	2023-08-31	36573	300	117152	['Model organism or animal']		1	0.8	0.8	0.8	0.8
SRR17547446	0.797	PRJNA604820	SAMN21207658	Skin metagenome from antibiotics treated healthy human subjects	Systemic antibiotics are widely prescribed for infectious as well as cutaneous etiologies, ranging from cellulitis, abscesses, and impetigo, to acne. However, the effects of antibiotics on skin microbial communities are not well understood. Here, we administered four antibiotic regimens [doxycycline (20mg or 100mg twice daily for 56 days), cephalexin (500mg three times daily for 14 days), or trimethoprim/sulfamethoxazole (TMP/SMX, 160/800 mg twice daily for 14 days), n=3-4 for each regimen], which are commonly used in dermatology, to healthy human volunteers. Swabs from multiple skin and oral sites and stool samples were collected before, during, and up to 1 year after antibiotic use, and shotgun metagenomic sequencing performed.	PMC:10591041,10609127;PubMed:34936382	SRS11594732	WGS	NISC	SRX13716968	Subject12_Vf_D224	human skin metagenome	-77.09471	38.98465	lat_lon	"{""geo_loc_name"": [-77.03196, 38.89036], ""geo_loc_name_sam"": [-77.03196, 38.89036], ""geo_loc_name_country_calc"": [""-77.03196"", ""38.89036""]}"									177.0	367951.0	9035.0	30687619.0	71	5548386	1378	316501682	Illumina HiSeq 2500	PAIRED	RANDOM	METAGENOMIC	ASF4246_1_L16213307	ILLUMINA	SRP352341	2022-01-12	441	252	1147	['MIMS.me' 'MIGS/MIMS/MIMARKS.human-skin']	['2013-11-13']	79	0.78	0.84	0.52	0.8
SRR24403742	0.794	PRJNA966185	SAMN34537714	Comprehensive Wastewater Sequencing Reveals Community and Variant Dynamics of the Collective Human Virome	We conduct a comprehensive sequencing-based analysis of 363 longitudinal wastewater samples from ten distinct sites in two major cities. Over 450 distinct pathogenic viruses were detected. We reveal the viral landscape of human wastewater which can measure outbreaks and transmission, while informing on general population health.		SRS17516639	Targeted-Capture	BAYLOR COLLEGE OF MEDICINE	SRX20194237	CQ3ANL	wastewater metagenome	-106.46095	31.77254	lat_lon	"{""geo_loc_name_country_calc"":[-77.03196,38.89036],""geo_loc_name"":[-106.48749,31.75916],""geo_loc_name_sam"":[-106.48749,31.75916]}"									151.0	671634.0	3695.0	50058517.0	44	3462699	731	165175716	Illumina NovaSeq 6000	PAIRED	RANDOM	METAGENOMIC	CQ3ANL	ILLUMINA	SRP435607	2023-05-02	1185	302	3749	['MIMS.me' 'MIGS/MIMS/MIMARKS.wastewater']	['2022-12-12']	15	0.7	0.8	0.5	0.74
SRR1631054	0.793	PRJNA46333	SAMN03025570	Gene-Environment Interactions at the Skin Surface	"16S rRNA gene sequences amplified from subjects with eczema and age-matched healthy controls.<p>Microbes living in and on humans are ten times more numerous than human cells. Culture-based methods have been the primary techniques used to study microbes inhabiting humans; however, many species are not successfully grown in culture. The NIH Roadmap for Medical Research Human Microbiome Project (HMP) aims to investigate the microbes in the gastrointestinal tract, oral cavity, skin, vagina, and nares. The goal of the HMP is to comprehensively characterize the human microbiota and analyze its role in human health and disease.<p>The skin serves not only as a barrier against invading pathogens and moisture loss, but also as a host to microbial communities. The skin of an adult is an approximately 2 square meter surface with a myriad of microenvironments.  Atopic dermatitis (AD), more commonly known as eczema, is a common skin disorder that is exacerbated by Staphylococcus aureus colonization.  This study aims to investigate the skin microbiota of AD patients at specific timepoints (quiescence, disease flares, and post-treatment) to examine how disease state correlates with changes in the skin microflora.   <p>The 16S small subunit ribosomal (rRNA) gene is present in every bacterial cell, serving as a universal marker. The gene is sufficiently conserved to allow accurate alignment but adequately varied to enable phylogenetic analyses. Sequencing via 16S rRNA-based phylotyping has been used to survey the bacterial microbes on the skin.  Initially, we will examine the bacterial diversity associated with AD using a 16S rRNA survey and later broadening to include fungi, viruses, archaea and mites. In addition, bacteria will be cultured on a wide variety of media and isolates representing both abundant and novel species will be selected for whole genome sequencing.<p>To characterize fungal diversity, we utilize two phylogenetic markers within the rDNA region: 18S rRNA and the Intervening Internal Transcribed Spacer (ITS) region.  Full microbial diversity will be explored with shotgun metagenomic sequencing."	PMC:7945042,10151067,10541010,9600381,5666146,7857535,7488429,6833257,9667708,10591041,10609127;PubMed:34083435,22310478,23698366,37054678,28679656	SRS731427	WGS	NISC	SRX743730	MET0206	human skin metagenome	-77.09471	38.98465	lat_lon	"{""geo_loc_name"":[-77.03196,38.89036],""geo_loc_name_sam"":[-77.03196,38.89036],""geo_loc_name_country_calc"":[-77.03196,38.89036]}"									33.0	3819885.0	3133.0	177962956.0	54	26066689	1038	1286805831	Illumina HiSeq 2000	PAIRED	RANDOM	METAGENOMIC	Met0206_1_L4396744	ILLUMINA	SRP002480	2014-10-30	2658	202	4023	['MIMS.me' 'MIGS/MIMS/MIMARKS.human-skin']	['2013-01-16']	79	0.78	0.84	0.52	0.8
SRR3188153	0.793	PRJNA46333	SAMN04360085	Gene-Environment Interactions at the Skin Surface	"16S rRNA gene sequences amplified from subjects with eczema and age-matched healthy controls.<p>Microbes living in and on humans are ten times more numerous than human cells. Culture-based methods have been the primary techniques used to study microbes inhabiting humans; however, many species are not successfully grown in culture. The NIH Roadmap for Medical Research Human Microbiome Project (HMP) aims to investigate the microbes in the gastrointestinal tract, oral cavity, skin, vagina, and nares. The goal of the HMP is to comprehensively characterize the human microbiota and analyze its role in human health and disease.<p>The skin serves not only as a barrier against invading pathogens and moisture loss, but also as a host to microbial communities. The skin of an adult is an approximately 2 square meter surface with a myriad of microenvironments.  Atopic dermatitis (AD), more commonly known as eczema, is a common skin disorder that is exacerbated by Staphylococcus aureus colonization.  This study aims to investigate the skin microbiota of AD patients at specific timepoints (quiescence, disease flares, and post-treatment) to examine how disease state correlates with changes in the skin microflora.   <p>The 16S small subunit ribosomal (rRNA) gene is present in every bacterial cell, serving as a universal marker. The gene is sufficiently conserved to allow accurate alignment but adequately varied to enable phylogenetic analyses. Sequencing via 16S rRNA-based phylotyping has been used to survey the bacterial microbes on the skin.  Initially, we will examine the bacterial diversity associated with AD using a 16S rRNA survey and later broadening to include fungi, viruses, archaea and mites. In addition, bacteria will be cultured on a wide variety of media and isolates representing both abundant and novel species will be selected for whole genome sequencing.<p>To characterize fungal diversity, we utilize two phylogenetic markers within the rDNA region: 18S rRNA and the Intervening Internal Transcribed Spacer (ITS) region.  Full microbial diversity will be explored with shotgun metagenomic sequencing."	PMC:7945042,10151067,10541010,9600381,5666146,7857535,7488429,6833257,9667708,10591041,10609127;PubMed:34083435,22310478,23698366,37054678,28679656	SRS1310711	WGS	NISC	SRX1600840	MET0728	human skin metagenome	-77.09471	38.98465	lat_lon	"{""geo_loc_name_sam"": [-77.03196, 38.89036], ""geo_loc_name"": [-77.03196, 38.89036], ""geo_loc_name_country_calc"": [""-77.03196"", ""38.89036""]}"									48.0	626027.0	1697.0	30912344.0	45	14236999	459	624608907	Illumina HiSeq 2000	PAIRED	RANDOM	METAGENOMIC	AJD0190_1_L7161114	ILLUMINA	SRP002480	2016-05-01	1295	202	1836	['MIMS.me' 'MIGS/MIMS/MIMARKS.human-skin']	['2014-05-14']	79	0.78	0.84	0.52	0.8
SRR3187741	0.793	PRJNA46333	SAMN04360068	Gene-Environment Interactions at the Skin Surface	"16S rRNA gene sequences amplified from subjects with eczema and age-matched healthy controls.<p>Microbes living in and on humans are ten times more numerous than human cells. Culture-based methods have been the primary techniques used to study microbes inhabiting humans; however, many species are not successfully grown in culture. The NIH Roadmap for Medical Research Human Microbiome Project (HMP) aims to investigate the microbes in the gastrointestinal tract, oral cavity, skin, vagina, and nares. The goal of the HMP is to comprehensively characterize the human microbiota and analyze its role in human health and disease.<p>The skin serves not only as a barrier against invading pathogens and moisture loss, but also as a host to microbial communities. The skin of an adult is an approximately 2 square meter surface with a myriad of microenvironments.  Atopic dermatitis (AD), more commonly known as eczema, is a common skin disorder that is exacerbated by Staphylococcus aureus colonization.  This study aims to investigate the skin microbiota of AD patients at specific timepoints (quiescence, disease flares, and post-treatment) to examine how disease state correlates with changes in the skin microflora.   <p>The 16S small subunit ribosomal (rRNA) gene is present in every bacterial cell, serving as a universal marker. The gene is sufficiently conserved to allow accurate alignment but adequately varied to enable phylogenetic analyses. Sequencing via 16S rRNA-based phylotyping has been used to survey the bacterial microbes on the skin.  Initially, we will examine the bacterial diversity associated with AD using a 16S rRNA survey and later broadening to include fungi, viruses, archaea and mites. In addition, bacteria will be cultured on a wide variety of media and isolates representing both abundant and novel species will be selected for whole genome sequencing.<p>To characterize fungal diversity, we utilize two phylogenetic markers within the rDNA region: 18S rRNA and the Intervening Internal Transcribed Spacer (ITS) region.  Full microbial diversity will be explored with shotgun metagenomic sequencing."	PMC:7945042,10151067,10541010,9600381,5666146,7857535,7488429,6833257,9667708,10591041,10609127;PubMed:34083435,22310478,23698366,37054678,28679656	SRS1310464	WGS	NISC	SRX1600518	MET0709	human skin metagenome	-77.09471	38.98465	lat_lon	"{""geo_loc_name"":[-77.03196,38.89036],""geo_loc_name_sam"":[-77.03196,38.89036],""geo_loc_name_country_calc"":[-77.03196,38.89036]}"									33.0	440507.0	1042.0	19030846.0	40	7471922	407	314285589	Illumina HiSeq 2000	PAIRED	RANDOM	METAGENOMIC	AJD0185_1_L7161106	ILLUMINA	SRP002480	2016-05-01	661	202	864	['MIMS.me' 'MIGS/MIMS/MIMARKS.human-skin']	['2014-04-02']	79	0.78	0.84	0.52	0.8
SRR17547444	0.791	PRJNA604820	SAMN21207658	Skin metagenome from antibiotics treated healthy human subjects	Systemic antibiotics are widely prescribed for infectious as well as cutaneous etiologies, ranging from cellulitis, abscesses, and impetigo, to acne. However, the effects of antibiotics on skin microbial communities are not well understood. Here, we administered four antibiotic regimens [doxycycline (20mg or 100mg twice daily for 56 days), cephalexin (500mg three times daily for 14 days), or trimethoprim/sulfamethoxazole (TMP/SMX, 160/800 mg twice daily for 14 days), n=3-4 for each regimen], which are commonly used in dermatology, to healthy human volunteers. Swabs from multiple skin and oral sites and stool samples were collected before, during, and up to 1 year after antibiotic use, and shotgun metagenomic sequencing performed.	PMC:10591041,10609127;PubMed:34936382	SRS11594732	WGS	NISC	SRX13716968	Subject12_Vf_D224	human skin metagenome	-77.09471	38.98465	lat_lon	"{""geo_loc_name"": [-77.03196, 38.89036], ""geo_loc_name_sam"": [-77.03196, 38.89036], ""geo_loc_name_country_calc"": [""-77.03196"", ""38.89036""]}"									170.0	375496.0	9086.0	28544759.0	69	4939661	1239	279575199	Illumina HiSeq 2500	PAIRED	RANDOM	METAGENOMIC	ASF4246_1_L16213307	ILLUMINA	SRP352341	2022-01-12	386	252	1021	['MIMS.me' 'MIGS/MIMS/MIMARKS.human-skin']	['2013-11-13']	79	0.78	0.84	0.52	0.8
SRR17534288	0.789	PRJNA604820	SAMN21207650	Skin metagenome from antibiotics treated healthy human subjects	Systemic antibiotics are widely prescribed for infectious as well as cutaneous etiologies, ranging from cellulitis, abscesses, and impetigo, to acne. However, the effects of antibiotics on skin microbial communities are not well understood. Here, we administered four antibiotic regimens [doxycycline (20mg or 100mg twice daily for 56 days), cephalexin (500mg three times daily for 14 days), or trimethoprim/sulfamethoxazole (TMP/SMX, 160/800 mg twice daily for 14 days), n=3-4 for each regimen], which are commonly used in dermatology, to healthy human volunteers. Swabs from multiple skin and oral sites and stool samples were collected before, during, and up to 1 year after antibiotic use, and shotgun metagenomic sequencing performed.	PMC:10591041,10609127;PubMed:34936382	SRS11579838	WGS	NISC	SRX13704063	Subject12_Ac_D56	human skin metagenome	-77.09471	38.98465	lat_lon	"{""geo_loc_name"": [-77.03196, 38.89036], ""geo_loc_name_sam"": [-77.03196, 38.89036], ""geo_loc_name_country_calc"": [""-77.03196"", ""38.89036""]}"									167.0	1103812.0	5808.0	106675589.0	90	11998507	1247	795254106	Illumina HiSeq 2500	PAIRED	RANDOM	METAGENOMIC	ASF0665_1_L13890450	ILLUMINA	SRP352341	2022-01-12	1323	252	3020	['MIMS.me' 'MIGS/MIMS/MIMARKS.human-skin']	['2013-05-29']	79	0.78	0.84	0.52	0.8
SRR24403571	0.786	PRJNA966185	SAMN34537710	Comprehensive Wastewater Sequencing Reveals Community and Variant Dynamics of the Collective Human Virome	We conduct a comprehensive sequencing-based analysis of 363 longitudinal wastewater samples from ten distinct sites in two major cities. Over 450 distinct pathogenic viruses were detected. We reveal the viral landscape of human wastewater which can measure outbreaks and transmission, while informing on general population health.		SRS17516620	Targeted-Capture	BAYLOR COLLEGE OF MEDICINE	SRX20194197	RJP32L	wastewater metagenome	-106.46095	31.77254	lat_lon	"{""geo_loc_name"": [-106.48749, 31.75916], ""geo_loc_name_sam"": [-106.48749, 31.75916], ""geo_loc_name_country_calc"": [""-77.03196"", ""38.89036""]}"									151.0	247119.0	5924.0	19021231.0	40	2145467	634	94308078	Illumina NovaSeq 6000	PAIRED	RANDOM	METAGENOMIC	RJP32L	ILLUMINA	SRP435607	2023-05-02	779	302	2562	['MIMS.me' 'MIGS/MIMS/MIMARKS.wastewater']	['2022-10-03']	15	0.7	0.8	0.5	0.74
SRR3187743	0.782	PRJNA46333	SAMN04360068	Gene-Environment Interactions at the Skin Surface	"16S rRNA gene sequences amplified from subjects with eczema and age-matched healthy controls.<p>Microbes living in and on humans are ten times more numerous than human cells. Culture-based methods have been the primary techniques used to study microbes inhabiting humans; however, many species are not successfully grown in culture. The NIH Roadmap for Medical Research Human Microbiome Project (HMP) aims to investigate the microbes in the gastrointestinal tract, oral cavity, skin, vagina, and nares. The goal of the HMP is to comprehensively characterize the human microbiota and analyze its role in human health and disease.<p>The skin serves not only as a barrier against invading pathogens and moisture loss, but also as a host to microbial communities. The skin of an adult is an approximately 2 square meter surface with a myriad of microenvironments.  Atopic dermatitis (AD), more commonly known as eczema, is a common skin disorder that is exacerbated by Staphylococcus aureus colonization.  This study aims to investigate the skin microbiota of AD patients at specific timepoints (quiescence, disease flares, and post-treatment) to examine how disease state correlates with changes in the skin microflora.   <p>The 16S small subunit ribosomal (rRNA) gene is present in every bacterial cell, serving as a universal marker. The gene is sufficiently conserved to allow accurate alignment but adequately varied to enable phylogenetic analyses. Sequencing via 16S rRNA-based phylotyping has been used to survey the bacterial microbes on the skin.  Initially, we will examine the bacterial diversity associated with AD using a 16S rRNA survey and later broadening to include fungi, viruses, archaea and mites. In addition, bacteria will be cultured on a wide variety of media and isolates representing both abundant and novel species will be selected for whole genome sequencing.<p>To characterize fungal diversity, we utilize two phylogenetic markers within the rDNA region: 18S rRNA and the Intervening Internal Transcribed Spacer (ITS) region.  Full microbial diversity will be explored with shotgun metagenomic sequencing."	PMC:7945042,10151067,10541010,9600381,5666146,7857535,7488429,6833257,9667708,10591041,10609127;PubMed:34083435,22310478,23698366,37054678,28679656	SRS1310464	WGS	NISC	SRX1600518	MET0709	human skin metagenome	-77.09471	38.98465	lat_lon	"{""geo_loc_name"":[-77.03196,38.89036],""geo_loc_name_sam"":[-77.03196,38.89036],""geo_loc_name_country_calc"":[-77.03196,38.89036]}"									48.0	247419.0	1044.0	12703798.0	42	7067887	467	301877213	Illumina HiSeq 2000	PAIRED	RANDOM	METAGENOMIC	AJD0185_1_L7161106	ILLUMINA	SRP002480	2016-05-01	608	202	822	['MIMS.me' 'MIGS/MIMS/MIMARKS.human-skin']	['2014-04-02']	79	0.78	0.84	0.52	0.8
SRR3187744	0.781	PRJNA46333	SAMN04360068	Gene-Environment Interactions at the Skin Surface	"16S rRNA gene sequences amplified from subjects with eczema and age-matched healthy controls.<p>Microbes living in and on humans are ten times more numerous than human cells. Culture-based methods have been the primary techniques used to study microbes inhabiting humans; however, many species are not successfully grown in culture. The NIH Roadmap for Medical Research Human Microbiome Project (HMP) aims to investigate the microbes in the gastrointestinal tract, oral cavity, skin, vagina, and nares. The goal of the HMP is to comprehensively characterize the human microbiota and analyze its role in human health and disease.<p>The skin serves not only as a barrier against invading pathogens and moisture loss, but also as a host to microbial communities. The skin of an adult is an approximately 2 square meter surface with a myriad of microenvironments.  Atopic dermatitis (AD), more commonly known as eczema, is a common skin disorder that is exacerbated by Staphylococcus aureus colonization.  This study aims to investigate the skin microbiota of AD patients at specific timepoints (quiescence, disease flares, and post-treatment) to examine how disease state correlates with changes in the skin microflora.   <p>The 16S small subunit ribosomal (rRNA) gene is present in every bacterial cell, serving as a universal marker. The gene is sufficiently conserved to allow accurate alignment but adequately varied to enable phylogenetic analyses. Sequencing via 16S rRNA-based phylotyping has been used to survey the bacterial microbes on the skin.  Initially, we will examine the bacterial diversity associated with AD using a 16S rRNA survey and later broadening to include fungi, viruses, archaea and mites. In addition, bacteria will be cultured on a wide variety of media and isolates representing both abundant and novel species will be selected for whole genome sequencing.<p>To characterize fungal diversity, we utilize two phylogenetic markers within the rDNA region: 18S rRNA and the Intervening Internal Transcribed Spacer (ITS) region.  Full microbial diversity will be explored with shotgun metagenomic sequencing."	PMC:7945042,10151067,10541010,9600381,5666146,7857535,7488429,6833257,9667708,10591041,10609127;PubMed:34083435,22310478,23698366,37054678,28679656	SRS1310464	WGS	NISC	SRX1600518	MET0709	human skin metagenome	-77.09471	38.98465	lat_lon	"{""geo_loc_name"":[-77.03196,38.89036],""geo_loc_name_sam"":[-77.03196,38.89036],""geo_loc_name_country_calc"":[-77.03196,38.89036]}"									33.0	400374.0	1348.0	17384663.0	42	6540497	436	280186559	Illumina HiSeq 2000	PAIRED	RANDOM	METAGENOMIC	AJD0185_1_L7161106	ILLUMINA	SRP002480	2016-05-01	553	202	763	['MIMS.me' 'MIGS/MIMS/MIMARKS.human-skin']	['2014-04-02']	79	0.78	0.84	0.52	0.8
SRR3188129	0.778	PRJNA46333	SAMN04360082	Gene-Environment Interactions at the Skin Surface	"16S rRNA gene sequences amplified from subjects with eczema and age-matched healthy controls.<p>Microbes living in and on humans are ten times more numerous than human cells. Culture-based methods have been the primary techniques used to study microbes inhabiting humans; however, many species are not successfully grown in culture. The NIH Roadmap for Medical Research Human Microbiome Project (HMP) aims to investigate the microbes in the gastrointestinal tract, oral cavity, skin, vagina, and nares. The goal of the HMP is to comprehensively characterize the human microbiota and analyze its role in human health and disease.<p>The skin serves not only as a barrier against invading pathogens and moisture loss, but also as a host to microbial communities. The skin of an adult is an approximately 2 square meter surface with a myriad of microenvironments.  Atopic dermatitis (AD), more commonly known as eczema, is a common skin disorder that is exacerbated by Staphylococcus aureus colonization.  This study aims to investigate the skin microbiota of AD patients at specific timepoints (quiescence, disease flares, and post-treatment) to examine how disease state correlates with changes in the skin microflora.   <p>The 16S small subunit ribosomal (rRNA) gene is present in every bacterial cell, serving as a universal marker. The gene is sufficiently conserved to allow accurate alignment but adequately varied to enable phylogenetic analyses. Sequencing via 16S rRNA-based phylotyping has been used to survey the bacterial microbes on the skin.  Initially, we will examine the bacterial diversity associated with AD using a 16S rRNA survey and later broadening to include fungi, viruses, archaea and mites. In addition, bacteria will be cultured on a wide variety of media and isolates representing both abundant and novel species will be selected for whole genome sequencing.<p>To characterize fungal diversity, we utilize two phylogenetic markers within the rDNA region: 18S rRNA and the Intervening Internal Transcribed Spacer (ITS) region.  Full microbial diversity will be explored with shotgun metagenomic sequencing."	PMC:7945042,10151067,10541010,9600381,5666146,7857535,7488429,6833257,9667708,10591041,10609127;PubMed:34083435,22310478,23698366,37054678,28679656	SRS1310714	WGS	NISC	SRX1600837	MET0725	human skin metagenome	-77.09471	38.98465	lat_lon	"{""geo_loc_name_country_calc"": [-77.03196, 38.89036], ""geo_loc_name_sam"": [-77.03196, 38.89036], ""geo_loc_name"": [""-77.03196"", ""38.89036""]}"									125.0	472824.0	4631.0	35573191.0	40	8410541	1222	346672894	Illumina HiSeq 2000	PAIRED	RANDOM	METAGENOMIC	AJD0283_1_L7169534	ILLUMINA	SRP002480	2016-05-01	1823	202	2508	['MIMS.me' 'MIGS/MIMS/MIMARKS.human-skin']	['2014-05-14']	79	0.78	0.84	0.52	0.8
SRR3188149	0.778	PRJNA46333	SAMN04360085	Gene-Environment Interactions at the Skin Surface	"16S rRNA gene sequences amplified from subjects with eczema and age-matched healthy controls.<p>Microbes living in and on humans are ten times more numerous than human cells. Culture-based methods have been the primary techniques used to study microbes inhabiting humans; however, many species are not successfully grown in culture. The NIH Roadmap for Medical Research Human Microbiome Project (HMP) aims to investigate the microbes in the gastrointestinal tract, oral cavity, skin, vagina, and nares. The goal of the HMP is to comprehensively characterize the human microbiota and analyze its role in human health and disease.<p>The skin serves not only as a barrier against invading pathogens and moisture loss, but also as a host to microbial communities. The skin of an adult is an approximately 2 square meter surface with a myriad of microenvironments.  Atopic dermatitis (AD), more commonly known as eczema, is a common skin disorder that is exacerbated by Staphylococcus aureus colonization.  This study aims to investigate the skin microbiota of AD patients at specific timepoints (quiescence, disease flares, and post-treatment) to examine how disease state correlates with changes in the skin microflora.   <p>The 16S small subunit ribosomal (rRNA) gene is present in every bacterial cell, serving as a universal marker. The gene is sufficiently conserved to allow accurate alignment but adequately varied to enable phylogenetic analyses. Sequencing via 16S rRNA-based phylotyping has been used to survey the bacterial microbes on the skin.  Initially, we will examine the bacterial diversity associated with AD using a 16S rRNA survey and later broadening to include fungi, viruses, archaea and mites. In addition, bacteria will be cultured on a wide variety of media and isolates representing both abundant and novel species will be selected for whole genome sequencing.<p>To characterize fungal diversity, we utilize two phylogenetic markers within the rDNA region: 18S rRNA and the Intervening Internal Transcribed Spacer (ITS) region.  Full microbial diversity will be explored with shotgun metagenomic sequencing."	PMC:7945042,10151067,10541010,9600381,5666146,7857535,7488429,6833257,9667708,10591041,10609127;PubMed:34083435,22310478,23698366,37054678,28679656	SRS1310711	WGS	NISC	SRX1600840	MET0728	human skin metagenome	-77.09471	38.98465	lat_lon	"{""geo_loc_name_sam"": [-77.03196, 38.89036], ""geo_loc_name"": [-77.03196, 38.89036], ""geo_loc_name_country_calc"": [""-77.03196"", ""38.89036""]}"									34.0	852017.0	1414.0	38538543.0	45	14278422	653	627329214	Illumina HiSeq 2000	PAIRED	RANDOM	METAGENOMIC	AJD0190_1_L7161114	ILLUMINA	SRP002480	2016-05-01	1302	202	1851	['MIMS.me' 'MIGS/MIMS/MIMARKS.human-skin']	['2014-05-14']	79	0.78	0.84	0.52	0.8
SRR3188148	0.773	PRJNA46333	SAMN04360085	Gene-Environment Interactions at the Skin Surface	"16S rRNA gene sequences amplified from subjects with eczema and age-matched healthy controls.<p>Microbes living in and on humans are ten times more numerous than human cells. Culture-based methods have been the primary techniques used to study microbes inhabiting humans; however, many species are not successfully grown in culture. The NIH Roadmap for Medical Research Human Microbiome Project (HMP) aims to investigate the microbes in the gastrointestinal tract, oral cavity, skin, vagina, and nares. The goal of the HMP is to comprehensively characterize the human microbiota and analyze its role in human health and disease.<p>The skin serves not only as a barrier against invading pathogens and moisture loss, but also as a host to microbial communities. The skin of an adult is an approximately 2 square meter surface with a myriad of microenvironments.  Atopic dermatitis (AD), more commonly known as eczema, is a common skin disorder that is exacerbated by Staphylococcus aureus colonization.  This study aims to investigate the skin microbiota of AD patients at specific timepoints (quiescence, disease flares, and post-treatment) to examine how disease state correlates with changes in the skin microflora.   <p>The 16S small subunit ribosomal (rRNA) gene is present in every bacterial cell, serving as a universal marker. The gene is sufficiently conserved to allow accurate alignment but adequately varied to enable phylogenetic analyses. Sequencing via 16S rRNA-based phylotyping has been used to survey the bacterial microbes on the skin.  Initially, we will examine the bacterial diversity associated with AD using a 16S rRNA survey and later broadening to include fungi, viruses, archaea and mites. In addition, bacteria will be cultured on a wide variety of media and isolates representing both abundant and novel species will be selected for whole genome sequencing.<p>To characterize fungal diversity, we utilize two phylogenetic markers within the rDNA region: 18S rRNA and the Intervening Internal Transcribed Spacer (ITS) region.  Full microbial diversity will be explored with shotgun metagenomic sequencing."	PMC:7945042,10151067,10541010,9600381,5666146,7857535,7488429,6833257,9667708,10591041,10609127;PubMed:34083435,22310478,23698366,37054678,28679656	SRS1310711	WGS	NISC	SRX1600840	MET0728	human skin metagenome	-77.09471	38.98465	lat_lon	"{""geo_loc_name_sam"": [-77.03196, 38.89036], ""geo_loc_name"": [-77.03196, 38.89036], ""geo_loc_name_country_calc"": [""-77.03196"", ""38.89036""]}"									35.0	906568.0	1420.0	41377853.0	44	15562559	487	682154753	Illumina HiSeq 2000	PAIRED	RANDOM	METAGENOMIC	AJD0190_1_L7161114	ILLUMINA	SRP002480	2016-05-01	1459	202	2026	['MIMS.me' 'MIGS/MIMS/MIMARKS.human-skin']	['2014-05-14']	79	0.78	0.84	0.52	0.8
SRR5853137	0.773	PRJNA395239	SAMN07373718	Indoor air viral diversity	Diverse microbial communities inhabit human-occupied buildings and circulate in indoor air; however, little is known about viral diversity in these environments. Here we investigated DNA and RNA viruses circulating in the air of university dormitory rooms (n = 12) by analyzing dust accumulated over a one-year period on heating, ventilation, and air conditioning (HVAC) filters through viral metagenomics. This study significantly expands the known airborne viral diversity found indoors, enabling the design of sensitive and quantitative assays to further investigate specific viruses of interest.	PubMed:29298386	SRS2371742	OTHER	UNIVERSITY OF SOUTH FLORIDA	SRX3022473	UCF14	indoor metagenome	-105.26	40.02	lat_lon	"{""geo_loc_name"": [-104.99203, 39.74001], ""geo_loc_name_country_calc"": [-77.03196, 38.89036], ""geo_loc_name_sam"": [""-104.99203"", ""39.74001""]}"									183.0	412099.0	2712.0	61212331.0	146	1694648	583	132119973	Illumina MiSeq	PAIRED	RANDOM	METAGENOMIC	DNA_UCF14	ILLUMINA	SRP113244	2018-01-09	192	502	343	['Metagenome or environmental']	['2015-06-01']	1	0.77	0.77	0.77	0.77
SRR3188152	0.769	PRJNA46333	SAMN04360085	Gene-Environment Interactions at the Skin Surface	"16S rRNA gene sequences amplified from subjects with eczema and age-matched healthy controls.<p>Microbes living in and on humans are ten times more numerous than human cells. Culture-based methods have been the primary techniques used to study microbes inhabiting humans; however, many species are not successfully grown in culture. The NIH Roadmap for Medical Research Human Microbiome Project (HMP) aims to investigate the microbes in the gastrointestinal tract, oral cavity, skin, vagina, and nares. The goal of the HMP is to comprehensively characterize the human microbiota and analyze its role in human health and disease.<p>The skin serves not only as a barrier against invading pathogens and moisture loss, but also as a host to microbial communities. The skin of an adult is an approximately 2 square meter surface with a myriad of microenvironments.  Atopic dermatitis (AD), more commonly known as eczema, is a common skin disorder that is exacerbated by Staphylococcus aureus colonization.  This study aims to investigate the skin microbiota of AD patients at specific timepoints (quiescence, disease flares, and post-treatment) to examine how disease state correlates with changes in the skin microflora.   <p>The 16S small subunit ribosomal (rRNA) gene is present in every bacterial cell, serving as a universal marker. The gene is sufficiently conserved to allow accurate alignment but adequately varied to enable phylogenetic analyses. Sequencing via 16S rRNA-based phylotyping has been used to survey the bacterial microbes on the skin.  Initially, we will examine the bacterial diversity associated with AD using a 16S rRNA survey and later broadening to include fungi, viruses, archaea and mites. In addition, bacteria will be cultured on a wide variety of media and isolates representing both abundant and novel species will be selected for whole genome sequencing.<p>To characterize fungal diversity, we utilize two phylogenetic markers within the rDNA region: 18S rRNA and the Intervening Internal Transcribed Spacer (ITS) region.  Full microbial diversity will be explored with shotgun metagenomic sequencing."	PMC:7945042,10151067,10541010,9600381,5666146,7857535,7488429,6833257,9667708,10591041,10609127;PubMed:34083435,22310478,23698366,37054678,28679656	SRS1310711	WGS	NISC	SRX1600840	MET0728	human skin metagenome	-77.09471	38.98465	lat_lon	"{""geo_loc_name_sam"": [-77.03196, 38.89036], ""geo_loc_name"": [-77.03196, 38.89036], ""geo_loc_name_country_calc"": [""-77.03196"", ""38.89036""]}"									33.0	959523.0	1578.0	41685797.0	45	13778321	484	605770763	Illumina HiSeq 2000	PAIRED	RANDOM	METAGENOMIC	AJD0190_1_L7161114	ILLUMINA	SRP002480	2016-05-01	1242	202	1787	['MIMS.me' 'MIGS/MIMS/MIMARKS.human-skin']	['2014-05-14']	79	0.78	0.84	0.52	0.8
SRR3187748	0.767	PRJNA46333	SAMN04360068	Gene-Environment Interactions at the Skin Surface	"16S rRNA gene sequences amplified from subjects with eczema and age-matched healthy controls.<p>Microbes living in and on humans are ten times more numerous than human cells. Culture-based methods have been the primary techniques used to study microbes inhabiting humans; however, many species are not successfully grown in culture. The NIH Roadmap for Medical Research Human Microbiome Project (HMP) aims to investigate the microbes in the gastrointestinal tract, oral cavity, skin, vagina, and nares. The goal of the HMP is to comprehensively characterize the human microbiota and analyze its role in human health and disease.<p>The skin serves not only as a barrier against invading pathogens and moisture loss, but also as a host to microbial communities. The skin of an adult is an approximately 2 square meter surface with a myriad of microenvironments.  Atopic dermatitis (AD), more commonly known as eczema, is a common skin disorder that is exacerbated by Staphylococcus aureus colonization.  This study aims to investigate the skin microbiota of AD patients at specific timepoints (quiescence, disease flares, and post-treatment) to examine how disease state correlates with changes in the skin microflora.   <p>The 16S small subunit ribosomal (rRNA) gene is present in every bacterial cell, serving as a universal marker. The gene is sufficiently conserved to allow accurate alignment but adequately varied to enable phylogenetic analyses. Sequencing via 16S rRNA-based phylotyping has been used to survey the bacterial microbes on the skin.  Initially, we will examine the bacterial diversity associated with AD using a 16S rRNA survey and later broadening to include fungi, viruses, archaea and mites. In addition, bacteria will be cultured on a wide variety of media and isolates representing both abundant and novel species will be selected for whole genome sequencing.<p>To characterize fungal diversity, we utilize two phylogenetic markers within the rDNA region: 18S rRNA and the Intervening Internal Transcribed Spacer (ITS) region.  Full microbial diversity will be explored with shotgun metagenomic sequencing."	PMC:7945042,10151067,10541010,9600381,5666146,7857535,7488429,6833257,9667708,10591041,10609127;PubMed:34083435,22310478,23698366,37054678,28679656	SRS1310464	WGS	NISC	SRX1600518	MET0709	human skin metagenome	-77.09471	38.98465	lat_lon	"{""geo_loc_name"":[-77.03196,38.89036],""geo_loc_name_sam"":[-77.03196,38.89036],""geo_loc_name_country_calc"":[-77.03196,38.89036]}"									33.0	363693.0	1153.0	16076009.0	42	6535128	386	279227802	Illumina HiSeq 2000	PAIRED	RANDOM	METAGENOMIC	AJD0185_1_L7161106	ILLUMINA	SRP002480	2016-05-01	550	202	756	['MIMS.me' 'MIGS/MIMS/MIMARKS.human-skin']	['2014-04-02']	79	0.78	0.84	0.52	0.8
SRR24403531	0.761	PRJNA966185	SAMN34537730	Comprehensive Wastewater Sequencing Reveals Community and Variant Dynamics of the Collective Human Virome	We conduct a comprehensive sequencing-based analysis of 363 longitudinal wastewater samples from ten distinct sites in two major cities. Over 450 distinct pathogenic viruses were detected. We reveal the viral landscape of human wastewater which can measure outbreaks and transmission, while informing on general population health.		SRS17516469	Targeted-Capture	BAYLOR COLLEGE OF MEDICINE	SRX20193899	FAL7SD	wastewater metagenome	-106.46095	31.77254	lat_lon	"{""geo_loc_name_country_calc"": [-77.03196, 38.89036], ""geo_loc_name"": [-106.48749, 31.75916], ""geo_loc_name_sam"": [""-106.48749"", ""31.75916""]}"									162.0	408778.0	8221.0	59376918.0	66	2363709	941	147602827	Illumina NovaSeq 6000	PAIRED	RANDOM	METAGENOMIC	FAL7SD	ILLUMINA	SRP435607	2023-05-02	439	302	1367	['MIMS.me' 'MIGS/MIMS/MIMARKS.wastewater']	['2022-08-01']	15	0.7	0.8	0.5	0.74
SRR14466426	0.759	PRJNA728100	SAMN19068706	Multi-omic profiling reveals widespread dysregulation of innate immunity and hematopoiesis in COVID-19	"Our understanding of protective vs. pathologic immune responses to SARS-CoV-2, the virus that causes Coronavirus disease 2019 (COVID-19), is limited by inadequate profiling of patients at the extremes of the disease severity spectrum. Here, we performed multi-omic single-cell immune profiling of 64 COVID-19 patients across the full range of disease severity, from outpatients with mild disease to fatal cases. Our transcriptomic, epigenomic, and proteomic analyses reveal widespread dysfunction of peripheral innate immunity in severe and fatal COVID-19, with the most profound disturbances including prominent hyperactivation signatures in neutrophils and monocytes with anti-inflammatory features. We also leverage epigenomic analysis to identify loss of accessibility at NF-kB binding sites within pro-inflammatory cytokine gene loci as a potential mechanism for the striking lack of cytokine production observed in monocytes in severe and fatal COVID-19. We further demonstrate that emergency myelopoiesis is a prominent feature of fatal COVID-19. Collectively, our results reveal disease severity-associated immune phenotypes in COVID-19 and identify pathogenesis-associated pathways that are potential targets for therapeutic intervention.Overall design: Single-cell RNA and single-cell ATAC sequencing of peripheral blood mononuclear cells (PBMCs) from 8 samples from COVID-19 patients and 6 healthy controls."	PubMed:34128959,38578283	SRS8900883	RNA-Seq	GEO	SRX10815945	GSM5285695	Homo sapiens													33.0	2812070.0	973.0	107370424.0	50	37022150	553	1641695520	Illumina NovaSeq 6000	PAIRED	cDNA	TRANSCRIPTOMIC		ILLUMINA	SRP318911	2021-05-08	3599	71	12198			0				
SRR3188147	0.759	PRJNA46333	SAMN04360085	Gene-Environment Interactions at the Skin Surface	"16S rRNA gene sequences amplified from subjects with eczema and age-matched healthy controls.<p>Microbes living in and on humans are ten times more numerous than human cells. Culture-based methods have been the primary techniques used to study microbes inhabiting humans; however, many species are not successfully grown in culture. The NIH Roadmap for Medical Research Human Microbiome Project (HMP) aims to investigate the microbes in the gastrointestinal tract, oral cavity, skin, vagina, and nares. The goal of the HMP is to comprehensively characterize the human microbiota and analyze its role in human health and disease.<p>The skin serves not only as a barrier against invading pathogens and moisture loss, but also as a host to microbial communities. The skin of an adult is an approximately 2 square meter surface with a myriad of microenvironments.  Atopic dermatitis (AD), more commonly known as eczema, is a common skin disorder that is exacerbated by Staphylococcus aureus colonization.  This study aims to investigate the skin microbiota of AD patients at specific timepoints (quiescence, disease flares, and post-treatment) to examine how disease state correlates with changes in the skin microflora.   <p>The 16S small subunit ribosomal (rRNA) gene is present in every bacterial cell, serving as a universal marker. The gene is sufficiently conserved to allow accurate alignment but adequately varied to enable phylogenetic analyses. Sequencing via 16S rRNA-based phylotyping has been used to survey the bacterial microbes on the skin.  Initially, we will examine the bacterial diversity associated with AD using a 16S rRNA survey and later broadening to include fungi, viruses, archaea and mites. In addition, bacteria will be cultured on a wide variety of media and isolates representing both abundant and novel species will be selected for whole genome sequencing.<p>To characterize fungal diversity, we utilize two phylogenetic markers within the rDNA region: 18S rRNA and the Intervening Internal Transcribed Spacer (ITS) region.  Full microbial diversity will be explored with shotgun metagenomic sequencing."	PMC:7945042,10151067,10541010,9600381,5666146,7857535,7488429,6833257,9667708,10591041,10609127;PubMed:34083435,22310478,23698366,37054678,28679656	SRS1310711	WGS	NISC	SRX1600840	MET0728	human skin metagenome	-77.09471	38.98465	lat_lon	"{""geo_loc_name_sam"": [-77.03196, 38.89036], ""geo_loc_name"": [-77.03196, 38.89036], ""geo_loc_name_country_calc"": [""-77.03196"", ""38.89036""]}"									40.0	778329.0	1530.0	35980703.0	45	14006382	572	615537270	Illumina HiSeq 2000	PAIRED	RANDOM	METAGENOMIC	AJD0190_1_L7161114	ILLUMINA	SRP002480	2016-05-01	1275	202	1816	['MIMS.me' 'MIGS/MIMS/MIMARKS.human-skin']	['2014-05-14']	79	0.78	0.84	0.52	0.8
SRR17547452	0.755	PRJNA604820	SAMN21207661	Skin metagenome from antibiotics treated healthy human subjects	Systemic antibiotics are widely prescribed for infectious as well as cutaneous etiologies, ranging from cellulitis, abscesses, and impetigo, to acne. However, the effects of antibiotics on skin microbial communities are not well understood. Here, we administered four antibiotic regimens [doxycycline (20mg or 100mg twice daily for 56 days), cephalexin (500mg three times daily for 14 days), or trimethoprim/sulfamethoxazole (TMP/SMX, 160/800 mg twice daily for 14 days), n=3-4 for each regimen], which are commonly used in dermatology, to healthy human volunteers. Swabs from multiple skin and oral sites and stool samples were collected before, during, and up to 1 year after antibiotic use, and shotgun metagenomic sequencing performed.	PMC:10591041,10609127;PubMed:34936382	SRS11594735	WGS	NISC	SRX13716971	Subject12_Vf_D336	human skin metagenome	-77.09471	38.98465	lat_lon	"{""geo_loc_name_country_calc"": [-77.03196, 38.89036], ""geo_loc_name"": [-77.03196, 38.89036], ""geo_loc_name_sam"": [""-77.03196"", ""38.89036""]}"									205.0	489874.0	14732.0	69890231.0	81	7576102	2013	469888668	Illumina HiSeq 2500	PAIRED	RANDOM	METAGENOMIC	ASF4225_1_L16213157	ILLUMINA	SRP352341	2022-01-12	889	252	2053	['MIMS.me' 'MIGS/MIMS/MIMARKS.human-skin']	['2014-03-05']	79	0.78	0.84	0.52	0.8
SRR3187746	0.747	PRJNA46333	SAMN04360068	Gene-Environment Interactions at the Skin Surface	"16S rRNA gene sequences amplified from subjects with eczema and age-matched healthy controls.<p>Microbes living in and on humans are ten times more numerous than human cells. Culture-based methods have been the primary techniques used to study microbes inhabiting humans; however, many species are not successfully grown in culture. The NIH Roadmap for Medical Research Human Microbiome Project (HMP) aims to investigate the microbes in the gastrointestinal tract, oral cavity, skin, vagina, and nares. The goal of the HMP is to comprehensively characterize the human microbiota and analyze its role in human health and disease.<p>The skin serves not only as a barrier against invading pathogens and moisture loss, but also as a host to microbial communities. The skin of an adult is an approximately 2 square meter surface with a myriad of microenvironments.  Atopic dermatitis (AD), more commonly known as eczema, is a common skin disorder that is exacerbated by Staphylococcus aureus colonization.  This study aims to investigate the skin microbiota of AD patients at specific timepoints (quiescence, disease flares, and post-treatment) to examine how disease state correlates with changes in the skin microflora.   <p>The 16S small subunit ribosomal (rRNA) gene is present in every bacterial cell, serving as a universal marker. The gene is sufficiently conserved to allow accurate alignment but adequately varied to enable phylogenetic analyses. Sequencing via 16S rRNA-based phylotyping has been used to survey the bacterial microbes on the skin.  Initially, we will examine the bacterial diversity associated with AD using a 16S rRNA survey and later broadening to include fungi, viruses, archaea and mites. In addition, bacteria will be cultured on a wide variety of media and isolates representing both abundant and novel species will be selected for whole genome sequencing.<p>To characterize fungal diversity, we utilize two phylogenetic markers within the rDNA region: 18S rRNA and the Intervening Internal Transcribed Spacer (ITS) region.  Full microbial diversity will be explored with shotgun metagenomic sequencing."	PMC:7945042,10151067,10541010,9600381,5666146,7857535,7488429,6833257,9667708,10591041,10609127;PubMed:34083435,22310478,23698366,37054678,28679656	SRS1310464	WGS	NISC	SRX1600518	MET0709	human skin metagenome	-77.09471	38.98465	lat_lon	"{""geo_loc_name"":[-77.03196,38.89036],""geo_loc_name_sam"":[-77.03196,38.89036],""geo_loc_name_country_calc"":[-77.03196,38.89036]}"									32.0	897776.0	998.0	34192892.0	42	6956313	434	297538053	Illumina HiSeq 2000	PAIRED	RANDOM	METAGENOMIC	AJD0185_1_L7161106	ILLUMINA	SRP002480	2016-05-01	595	202	814	['MIMS.me' 'MIGS/MIMS/MIMARKS.human-skin']	['2014-04-02']	79	0.78	0.84	0.52	0.8
ERR2298114	0.744	PRJEB23496	SAMEA4527615	COMPARE global sewage snapshot virome sequencing part	This study contains the virome sequencing data of the global sewage snapshot samples.		ERS1426794	WGS	ERASMUS MC, UNIVERISTY MEDICAL CENTER	ERX2349640	SAMEA4527615	wastewater metagenome	16.6068	49.1951	geographic location (latitude),geographic location (longitude)	"{""geo_loc_name_country_calc"": [14.43299, 50.07914], ""INSDC center name"": [12.56755, 55.67567], ""geo_loc_name"": [14.43299, 50.07914], ""name of the sampling site"": [""14.40204"", ""50.11""]}"									247.0	672808.0	15814.0	114962127.0	64	4115685	1547	268109517	Ion Torrent S5 XL	SINGLE	RANDOM	METAGENOMIC	Ion Xpress™ Plus Fragment Library Kit	ION_TORRENT	ERP105254	2020-05-30	1074	250	1424		['2016-02-01']	1	0.74	0.74	0.74	0.74
SRR17534279	0.743	PRJNA604820	SAMN21207638	Skin metagenome from antibiotics treated healthy human subjects	Systemic antibiotics are widely prescribed for infectious as well as cutaneous etiologies, ranging from cellulitis, abscesses, and impetigo, to acne. However, the effects of antibiotics on skin microbial communities are not well understood. Here, we administered four antibiotic regimens [doxycycline (20mg or 100mg twice daily for 56 days), cephalexin (500mg three times daily for 14 days), or trimethoprim/sulfamethoxazole (TMP/SMX, 160/800 mg twice daily for 14 days), n=3-4 for each regimen], which are commonly used in dermatology, to healthy human volunteers. Swabs from multiple skin and oral sites and stool samples were collected before, during, and up to 1 year after antibiotic use, and shotgun metagenomic sequencing performed.	PMC:10591041,10609127;PubMed:34936382	SRS11579829	WGS	NISC	SRX13704054	Subject12_Ac_D0	human skin metagenome	-77.09471	38.98465	lat_lon	"{""geo_loc_name_sam"": [-77.03196, 38.89036], ""geo_loc_name_country_calc"": [-77.03196, 38.89036], ""geo_loc_name"": [""-77.03196"", ""38.89036""]}"									49.0	1006903.0	3731.0	52631373.0	59	10740812	686	559006692	Illumina HiSeq 2500	PAIRED	RANDOM	METAGENOMIC	ASF0687_1_L13890380	ILLUMINA	SRP352341	2022-01-12	826	252	1704	['MIMS.me' 'MIGS/MIMS/MIMARKS.human-skin']	['2013-04-03']	79	0.78	0.84	0.52	0.8
SRR17546293	0.743	PRJNA604820	SAMN21207653	Skin metagenome from antibiotics treated healthy human subjects	Systemic antibiotics are widely prescribed for infectious as well as cutaneous etiologies, ranging from cellulitis, abscesses, and impetigo, to acne. However, the effects of antibiotics on skin microbial communities are not well understood. Here, we administered four antibiotic regimens [doxycycline (20mg or 100mg twice daily for 56 days), cephalexin (500mg three times daily for 14 days), or trimethoprim/sulfamethoxazole (TMP/SMX, 160/800 mg twice daily for 14 days), n=3-4 for each regimen], which are commonly used in dermatology, to healthy human volunteers. Swabs from multiple skin and oral sites and stool samples were collected before, during, and up to 1 year after antibiotic use, and shotgun metagenomic sequencing performed.	PMC:10591041,10609127;PubMed:34936382	SRS11593667	WGS	NISC	SRX13715905	Subject12_Ac_D112	human skin metagenome	-77.09471	38.98465	lat_lon	"{""geo_loc_name_sam"":[-77.03196,38.89036],""geo_loc_name"":[-77.03196,38.89036],""geo_loc_name_country_calc"":[-77.03196,38.89036]}"									185.0	831100.0	5449.0	102498712.0	93	8537045	1562	583839048	Illumina HiSeq 2500	PAIRED	RANDOM	METAGENOMIC	ASF3064_1_L15252402	ILLUMINA	SRP352341	2022-01-12	1092	252	2350	['MIMS.me' 'MIGS/MIMS/MIMARKS.human-skin']	['2013-07-17']	79	0.78	0.84	0.52	0.8
SRR22040134	0.743	PRJNA894191	SAMN31444807	Epigenetic landscape of Human Brains by Single Nucleus DNA Methylation and Chromatin Conformation Profiling - pool110_h1930004_Pro	"Illustrating the cellular architecture of the human brain is critical to understanding its diverse functions and complex animal behaviors. Single nucleus methylation sequencing was applied to regions of human brains. we identified distinct cell clusters and formed them in a hierarchical taxonomy. These clusters include known primary brain cell types and possible sub-types. We use these data to identify the epigenomic characteristics and to define specific regulatory elements for each cell cluster.Overall design: Apply snmC-seq3 to brain regions to identify epigenomic landcape of the adult human brains"		SRS15528491	OTHER	GEO	SRX18020510	GSM6678836	Homo sapiens													151.0	136225.0	1680.0	11061843.0	72	1233494	345	71931210	Illumina NovaSeq 6000	PAIRED	other	GENOMIC		ILLUMINA	SRP404499	2023-07-07	89	292	253			0				
SRR24403487	0.742	PRJNA966185	SAMN34537741	Comprehensive Wastewater Sequencing Reveals Community and Variant Dynamics of the Collective Human Virome	We conduct a comprehensive sequencing-based analysis of 363 longitudinal wastewater samples from ten distinct sites in two major cities. Over 450 distinct pathogenic viruses were detected. We reveal the viral landscape of human wastewater which can measure outbreaks and transmission, while informing on general population health.		SRS17516513	Targeted-Capture	BAYLOR COLLEGE OF MEDICINE	SRX20193980	TJHBC6	wastewater metagenome	-106.46095	31.77254	lat_lon	"{""geo_loc_name_sam"": [-106.48749, 31.75916], ""geo_loc_name_country_calc"": [-77.03196, 38.89036], ""geo_loc_name"": [""-106.48749"", ""31.75916""]}"									151.0	903576.0	4081.0	65964718.0	41	4890589	670	224064174	Illumina NovaSeq 6000	PAIRED	RANDOM	METAGENOMIC	TJHBC6	ILLUMINA	SRP435607	2023-05-02	2104	302	6828	['MIMS.me' 'MIGS/MIMS/MIMARKS.wastewater']	['2023-01-18']	15	0.7	0.8	0.5	0.74
SRR7316324	0.74	PRJNA476008	SAMN09425102	Shared and distinct transcriptomic cell types across neocortical areas	"Neocortex contains a multitude of cell types segregated into layers and functionally distinct regions. To investigate the diversity of cell types across the mouse neocortex, we analyzed 12,714 cells from the primary visual cortex (VISp), and 9,035 cells from the anterior lateral motor cortex (ALM) by deep single-cell RNA-sequencing (scRNA-seq), identifying 116 transcriptomic cell types. These two regions represent distant poles of the neocortex and perform distinct functions. We define 50 inhibitory transcriptomic cell types, all of which are shared across both cortical regions. In contrast, 49 of 52 excitatory transcriptomic types were found in either VISp or ALM, with only three present in both. By combining single cell RNA-seq and retrograde labeling, we demonstrate correspondence between excitatory transcriptomic types and their region-specific long-range target specificity. This study establishes a combined transcriptomic and projectional taxonomy of cortical cell types from functionally distinct regions of the mouse cortex.Overall design: scRNA-seq of 25,481 single cells from two regions of adult Mouse cortex: anterior lateral motor cortex (ALM) and primary visual cortex (VISp) and 2,986 control samplesPlease note that the current records represent 232-grouped sample records (i.e. 28706-samples collaped into 232-logical groups) and the complete metadata for each single sample is provided as 'complete_metadata_28706-cells.csv'.The file 'accession_table.csv' provides all of the GEO and SRA IDs along with the sample_name/title that matches the metadata."	PubMed:30382198,34616065	SRS3416164	RNA-Seq	GEO	SRX4213423	GSM3189875	Mus musculus									motor cortex	tissue	anterior lateral motor cortex (alm)	BTO_0004348	422.0	23542.0	3890.0	6843164.0	59	537097	1849	32660246	Illumina HiSeq 2500	PAIRED	cDNA	TRANSCRIPTOMIC		ILLUMINA	SRP150473	2018-11-01	183	102	416			0				
ERR5005330	0.737	PRJEB42019	SAMEA7723536	EMG produced TPA metagenomics assembly of PRJEB42019 data set (Earth Microbiome Project Multi-omics (EMP500)).	The Third Party Annotation (TPA)  assembly was derived from the primary whole genome shotgun (WGS) data set PRJEB42019, and was assembled with metaspades v3.15.3. This project includes samples from the following biomes: root:Environmental:Aquatic:Marine:Sediment.	PMC:10609127,11264914	ERS5470914	WGS	UNIVERSITY OF CALIFORNIA SAN DIEGO MICROBIOME INIT	ERX4814613	SAMEA7723536	gut metagenome	-77.05	38.93	latitude,longitude	"{""geo_loc_name_country_calc"": [-77.03196, 38.89036], ""geo_loc_name_sam"": [-76.64915, 39.32281], ""INSDC center name"": [-117.16171, 32.71568], ""gcms_run_location"": [-117.18296, 32.85299], ""physical_specimen_location"": [-87.67421, 42.05071], ""geo_loc_name"": [""-76.64915"", ""39.32281""]}"									151.0	1545272.0	96495.0	125368984.0	43	18847316	8784	882041629	Illumina NovaSeq 6000	PAIRED	PCR	METAGENOMIC	13114.song.53.s014	ILLUMINA	ERP125879	2020-12-23	1280	298	3752			14	0.71	0.8	0.53	0.77
SRR17547451	0.736	PRJNA604820	SAMN21207661	Skin metagenome from antibiotics treated healthy human subjects	Systemic antibiotics are widely prescribed for infectious as well as cutaneous etiologies, ranging from cellulitis, abscesses, and impetigo, to acne. However, the effects of antibiotics on skin microbial communities are not well understood. Here, we administered four antibiotic regimens [doxycycline (20mg or 100mg twice daily for 56 days), cephalexin (500mg three times daily for 14 days), or trimethoprim/sulfamethoxazole (TMP/SMX, 160/800 mg twice daily for 14 days), n=3-4 for each regimen], which are commonly used in dermatology, to healthy human volunteers. Swabs from multiple skin and oral sites and stool samples were collected before, during, and up to 1 year after antibiotic use, and shotgun metagenomic sequencing performed.	PMC:10591041,10609127;PubMed:34936382	SRS11594735	WGS	NISC	SRX13716971	Subject12_Vf_D336	human skin metagenome	-77.09471	38.98465	lat_lon	"{""geo_loc_name_country_calc"": [-77.03196, 38.89036], ""geo_loc_name"": [-77.03196, 38.89036], ""geo_loc_name_sam"": [""-77.03196"", ""38.89036""]}"									222.0	310055.0	21876.0	40792264.0	80	4275085	3264	268291775	Illumina HiSeq 2500	PAIRED	RANDOM	METAGENOMIC	ASF4225_1_L16213157	ILLUMINA	SRP352341	2022-01-12	471	252	1197	['MIMS.me' 'MIGS/MIMS/MIMARKS.human-skin']	['2014-03-05']	79	0.78	0.84	0.52	0.8
SRR17547441	0.73	PRJNA604820	SAMN21207656	Skin metagenome from antibiotics treated healthy human subjects	Systemic antibiotics are widely prescribed for infectious as well as cutaneous etiologies, ranging from cellulitis, abscesses, and impetigo, to acne. However, the effects of antibiotics on skin microbial communities are not well understood. Here, we administered four antibiotic regimens [doxycycline (20mg or 100mg twice daily for 56 days), cephalexin (500mg three times daily for 14 days), or trimethoprim/sulfamethoxazole (TMP/SMX, 160/800 mg twice daily for 14 days), n=3-4 for each regimen], which are commonly used in dermatology, to healthy human volunteers. Swabs from multiple skin and oral sites and stool samples were collected before, during, and up to 1 year after antibiotic use, and shotgun metagenomic sequencing performed.	PMC:10591041,10609127;PubMed:34936382	SRS11594730	WGS	NISC	SRX13716966	Subject12_Ac_D224	human skin metagenome	-77.09471	38.98465	lat_lon	"{""geo_loc_name"":[-77.03196,38.89036],""geo_loc_name_country_calc"":[-77.03196,38.89036],""geo_loc_name_sam"":[-77.03196,38.89036]}"									148.0	277314.0	4496.0	17867453.0	58	2840567	955	146776897	Illumina HiSeq 2500	PAIRED	RANDOM	METAGENOMIC	ASF4270_1_L16213265	ILLUMINA	SRP352341	2022-01-12	224	252	492	['MIMS.me' 'MIGS/MIMS/MIMARKS.human-skin']	['2013-11-13']	79	0.78	0.84	0.52	0.8
SRR3188145	0.729	PRJNA46333	SAMN04360085	Gene-Environment Interactions at the Skin Surface	"16S rRNA gene sequences amplified from subjects with eczema and age-matched healthy controls.<p>Microbes living in and on humans are ten times more numerous than human cells. Culture-based methods have been the primary techniques used to study microbes inhabiting humans; however, many species are not successfully grown in culture. The NIH Roadmap for Medical Research Human Microbiome Project (HMP) aims to investigate the microbes in the gastrointestinal tract, oral cavity, skin, vagina, and nares. The goal of the HMP is to comprehensively characterize the human microbiota and analyze its role in human health and disease.<p>The skin serves not only as a barrier against invading pathogens and moisture loss, but also as a host to microbial communities. The skin of an adult is an approximately 2 square meter surface with a myriad of microenvironments.  Atopic dermatitis (AD), more commonly known as eczema, is a common skin disorder that is exacerbated by Staphylococcus aureus colonization.  This study aims to investigate the skin microbiota of AD patients at specific timepoints (quiescence, disease flares, and post-treatment) to examine how disease state correlates with changes in the skin microflora.   <p>The 16S small subunit ribosomal (rRNA) gene is present in every bacterial cell, serving as a universal marker. The gene is sufficiently conserved to allow accurate alignment but adequately varied to enable phylogenetic analyses. Sequencing via 16S rRNA-based phylotyping has been used to survey the bacterial microbes on the skin.  Initially, we will examine the bacterial diversity associated with AD using a 16S rRNA survey and later broadening to include fungi, viruses, archaea and mites. In addition, bacteria will be cultured on a wide variety of media and isolates representing both abundant and novel species will be selected for whole genome sequencing.<p>To characterize fungal diversity, we utilize two phylogenetic markers within the rDNA region: 18S rRNA and the Intervening Internal Transcribed Spacer (ITS) region.  Full microbial diversity will be explored with shotgun metagenomic sequencing."	PMC:7945042,10151067,10541010,9600381,5666146,7857535,7488429,6833257,9667708,10591041,10609127;PubMed:34083435,22310478,23698366,37054678,28679656	SRS1310711	WGS	NISC	SRX1600840	MET0728	human skin metagenome	-77.09471	38.98465	lat_lon	"{""geo_loc_name_sam"": [-77.03196, 38.89036], ""geo_loc_name"": [-77.03196, 38.89036], ""geo_loc_name_country_calc"": [""-77.03196"", ""38.89036""]}"									38.0	450932.0	1534.0	21882857.0	46	8953762	798	398791012	Illumina HiSeq 2000	PAIRED	RANDOM	METAGENOMIC	AJD0190_1_L7161114	ILLUMINA	SRP002480	2016-05-01	835	202	1174	['MIMS.me' 'MIGS/MIMS/MIMARKS.human-skin']	['2014-05-14']	79	0.78	0.84	0.52	0.8
SRR17534285	0.724	PRJNA604820	SAMN21207644	Skin metagenome from antibiotics treated healthy human subjects	Systemic antibiotics are widely prescribed for infectious as well as cutaneous etiologies, ranging from cellulitis, abscesses, and impetigo, to acne. However, the effects of antibiotics on skin microbial communities are not well understood. Here, we administered four antibiotic regimens [doxycycline (20mg or 100mg twice daily for 56 days), cephalexin (500mg three times daily for 14 days), or trimethoprim/sulfamethoxazole (TMP/SMX, 160/800 mg twice daily for 14 days), n=3-4 for each regimen], which are commonly used in dermatology, to healthy human volunteers. Swabs from multiple skin and oral sites and stool samples were collected before, during, and up to 1 year after antibiotic use, and shotgun metagenomic sequencing performed.	PMC:10591041,10609127;PubMed:34936382	SRS11579835	WGS	NISC	SRX13704060	Subject12_Ac_D28	human skin metagenome	-77.09471	38.98465	lat_lon	"{""geo_loc_name_country_calc"":[-77.03196,38.89036],""geo_loc_name_sam"":[-77.03196,38.89036],""geo_loc_name"":[-77.03196,38.89036]}"									89.0	1457021.0	2427.0	91816190.0	56	20822617	1377	1077077390	Illumina HiSeq 2500	PAIRED	RANDOM	METAGENOMIC	ASF0684_1_L13890402	ILLUMINA	SRP352341	2022-01-12	1592	252	3477	['MIMS.me' 'MIGS/MIMS/MIMARKS.human-skin']	['2013-05-01']	79	0.78	0.84	0.52	0.8
SRR17534281	0.718	PRJNA604820	SAMN21207640	Skin metagenome from antibiotics treated healthy human subjects	Systemic antibiotics are widely prescribed for infectious as well as cutaneous etiologies, ranging from cellulitis, abscesses, and impetigo, to acne. However, the effects of antibiotics on skin microbial communities are not well understood. Here, we administered four antibiotic regimens [doxycycline (20mg or 100mg twice daily for 56 days), cephalexin (500mg three times daily for 14 days), or trimethoprim/sulfamethoxazole (TMP/SMX, 160/800 mg twice daily for 14 days), n=3-4 for each regimen], which are commonly used in dermatology, to healthy human volunteers. Swabs from multiple skin and oral sites and stool samples were collected before, during, and up to 1 year after antibiotic use, and shotgun metagenomic sequencing performed.	PMC:10591041,10609127;PubMed:34936382	SRS11579831	WGS	NISC	SRX13704056	Subject12_Vf_D0	human skin metagenome	-77.09471	38.98465	lat_lon	"{""geo_loc_name_country_calc"":[-77.03196,38.89036],""geo_loc_name"":[-77.03196,38.89036],""geo_loc_name_sam"":[-77.03196,38.89036]}"													78	13786474	2079	838115020	Illumina HiSeq 2500	PAIRED	RANDOM	METAGENOMIC	ASF0671_1_L13890394	ILLUMINA	SRP352341	2022-01-12	1460	252	3254	['MIMS.me' 'MIGS/MIMS/MIMARKS.human-skin']	['2013-04-03']	79	0.78	0.84	0.52	0.8
ERR5003364	0.71	PRJEB42019	SAMEA7723980	EMG produced TPA metagenomics assembly of PRJEB42019 data set (Earth Microbiome Project Multi-omics (EMP500)).	The Third Party Annotation (TPA)  assembly was derived from the primary whole genome shotgun (WGS) data set PRJEB42019, and was assembled with metaspades v3.15.3. This project includes samples from the following biomes: root:Environmental:Aquatic:Marine:Sediment.	PMC:10609127,11264914	ERS5471357	WGS	UNIVERSITY OF CALIFORNIA SAN DIEGO MICROBIOME INIT	ERX4812647	SAMEA7723980	gut metagenome	-77.05	38.93	latitude,longitude	"{""physical_specimen_location"": [-87.67421, 42.05071], ""geo_loc_name_sam"": [-76.64915, 39.32281], ""INSDC center name"": [-117.16171, 32.71568], ""geo_loc_name_country_calc"": [-77.03196, 38.89036], ""geo_loc_name"": [""-76.64915"", ""39.32281""]}"									452.0	333039.0	55968.0	100423152.0	90	3253842	3355	255139809	Illumina NovaSeq 6000	PAIRED	PCR	METAGENOMIC	13114.song.51.s011	ILLUMINA	ERP125879	2020-12-23	493	297	1465			14	0.71	0.8	0.53	0.77
SRR3187740	0.705	PRJNA46333	SAMN04360068	Gene-Environment Interactions at the Skin Surface	"16S rRNA gene sequences amplified from subjects with eczema and age-matched healthy controls.<p>Microbes living in and on humans are ten times more numerous than human cells. Culture-based methods have been the primary techniques used to study microbes inhabiting humans; however, many species are not successfully grown in culture. The NIH Roadmap for Medical Research Human Microbiome Project (HMP) aims to investigate the microbes in the gastrointestinal tract, oral cavity, skin, vagina, and nares. The goal of the HMP is to comprehensively characterize the human microbiota and analyze its role in human health and disease.<p>The skin serves not only as a barrier against invading pathogens and moisture loss, but also as a host to microbial communities. The skin of an adult is an approximately 2 square meter surface with a myriad of microenvironments.  Atopic dermatitis (AD), more commonly known as eczema, is a common skin disorder that is exacerbated by Staphylococcus aureus colonization.  This study aims to investigate the skin microbiota of AD patients at specific timepoints (quiescence, disease flares, and post-treatment) to examine how disease state correlates with changes in the skin microflora.   <p>The 16S small subunit ribosomal (rRNA) gene is present in every bacterial cell, serving as a universal marker. The gene is sufficiently conserved to allow accurate alignment but adequately varied to enable phylogenetic analyses. Sequencing via 16S rRNA-based phylotyping has been used to survey the bacterial microbes on the skin.  Initially, we will examine the bacterial diversity associated with AD using a 16S rRNA survey and later broadening to include fungi, viruses, archaea and mites. In addition, bacteria will be cultured on a wide variety of media and isolates representing both abundant and novel species will be selected for whole genome sequencing.<p>To characterize fungal diversity, we utilize two phylogenetic markers within the rDNA region: 18S rRNA and the Intervening Internal Transcribed Spacer (ITS) region.  Full microbial diversity will be explored with shotgun metagenomic sequencing."	PMC:7945042,10151067,10541010,9600381,5666146,7857535,7488429,6833257,9667708,10591041,10609127;PubMed:34083435,22310478,23698366,37054678,28679656	SRS1310464	WGS	NISC	SRX1600518	MET0709	human skin metagenome	-77.09471	38.98465	lat_lon	"{""geo_loc_name"":[-77.03196,38.89036],""geo_loc_name_sam"":[-77.03196,38.89036],""geo_loc_name_country_calc"":[-77.03196,38.89036]}"									33.0	166390.0	1168.0	7357971.0	44	3647447	338	159659925	Illumina HiSeq 2000	PAIRED	RANDOM	METAGENOMIC	AJD0185_1_L7161106	ILLUMINA	SRP002480	2016-05-01	315	202	434	['MIMS.me' 'MIGS/MIMS/MIMARKS.human-skin']	['2014-04-02']	79	0.78	0.84	0.52	0.8
SRR14198840	0.705	PRJNA694925	SAMN17584330	Uncovering new skin microbiome diversity through culturing and metagenomics	"Metagenomes, cultured reference genomes and metagenome assembled genomesPure cultures"	PMC:10591041	SRS8671950	WGS	NISC	SRX10565643	Met3512	skin metagenome	-77.10602	38.99984	lat_lon	"{""geo_loc_name_country_calc"": [-77.03196, 38.89036], ""geo_loc_name_sam"": [-77.03196, 38.89036], ""geo_loc_name"": [""-77.03196"", ""38.89036""]}"									151.0	8186124.0	9034.0	570590915.0	43	84782326	1475	3794825997	Illumina NovaSeq 6000	PAIRED	RANDOM	METAGENOMIC	AYD7838_1_L18923752	ILLUMINA	SRP314237	2021-09-16	6349	302	18435	['MIMS.me' 'MIGS/MIMS/MIMARKS.human-skin']	['2018-11-01']	2	0.68	0.7	0.65	0.68
SRR11308367	0.703	PRJNA610161	SAMN14278894	Microvelia longipes isolate:CP-2014 Genome sequencing and assembly	Microvelia longipes genome and assembly using Illumina + PacBio + HiC data.	PMC:8112723	SRS6320335	WGA	ENS LYON	SRX7913489	Microvelia longipes genome	Microvelia longipes	-53.23431	3.92588	geo_loc_name	"{""geo_loc_name_country_calc"": [-53.23431, 3.92588], ""geo_loc_name_sam"": [""-53.23431"", ""3.92588""]}"									155.0	570639.0	7047.0	46462950.0	48	25816920	726	1173526702	Illumina HiSeq 2500	PAIRED	RANDOM	GENOMIC	WHGERlpmDCAADWAAPEI-59	ILLUMINA	SRP252854	2021-01-19	2833	98	6984	['Invertebrate']		5	0.72	0.86	0.6	0.7
SRR24403741	0.699	PRJNA966185	SAMN34537715	Comprehensive Wastewater Sequencing Reveals Community and Variant Dynamics of the Collective Human Virome	We conduct a comprehensive sequencing-based analysis of 363 longitudinal wastewater samples from ten distinct sites in two major cities. Over 450 distinct pathogenic viruses were detected. We reveal the viral landscape of human wastewater which can measure outbreaks and transmission, while informing on general population health.		SRS17516641	Targeted-Capture	BAYLOR COLLEGE OF MEDICINE	SRX20194239	CS9LYQ	wastewater metagenome	-106.46095	31.77254	lat_lon	"{""geo_loc_name_country_calc"":[-77.03196,38.89036],""geo_loc_name"":[-106.48749,31.75916],""geo_loc_name_sam"":[-106.48749,31.75916]}"									151.0	285353.0	10663.0	30566524.0	41	3477203	739	158490688	Illumina NovaSeq 6000	PAIRED	RANDOM	METAGENOMIC	CS9LYQ	ILLUMINA	SRP435607	2023-05-02	1103	302	3470	['MIMS.me' 'MIGS/MIMS/MIMARKS.wastewater']	['2022-12-19']	15	0.7	0.8	0.5	0.74
SRR24403493	0.693	PRJNA966185	SAMN34537735	Comprehensive Wastewater Sequencing Reveals Community and Variant Dynamics of the Collective Human Virome	We conduct a comprehensive sequencing-based analysis of 363 longitudinal wastewater samples from ten distinct sites in two major cities. Over 450 distinct pathogenic viruses were detected. We reveal the viral landscape of human wastewater which can measure outbreaks and transmission, while informing on general population health.		SRS17516507	Targeted-Capture	BAYLOR COLLEGE OF MEDICINE	SRX20193967	Q8CEX2	wastewater metagenome	-106.46095	31.77254	lat_lon	"{""geo_loc_name"": [-106.48749, 31.75916], ""geo_loc_name_sam"": [-106.48749, 31.75916], ""geo_loc_name_country_calc"": [""-77.03196"", ""38.89036""]}"									151.0	314828.0	4107.0	35841728.0	49	2276601	815	116067478	Illumina NovaSeq 6000	PAIRED	RANDOM	METAGENOMIC	Q8CEX2	ILLUMINA	SRP435607	2023-05-02	632	302	2060	['MIMS.me' 'MIGS/MIMS/MIMARKS.wastewater']	['2022-08-29']	15	0.7	0.8	0.5	0.74
SRR5390751	0.686	PRJNA380955	SAMN06654238	Single Cell Methylome Signatures Reveal Distinct Neuronal Populations and Regulatory Elements in the Mammalian Cortex	"The mammalian brain contains diverse neuron cell types with distinct physiological, morphological and molecular characteristics. However, a comprehensive assessment of the epigenetically distinct neuronal classes is currently missing. Cytosine DNA methylation is a stable epigenetic mark that distinguishes neuron types and marks gene regulatory elements. We developed an efficient single-nucleus methylome sequencing approach that allows robust high-throughput neuron-type classification. We generated >6,000 single-nucleus methylomes and identified 16 mouse and 21 human neuronal subpopulations in the frontal cortex. Both CG and non-CG methylation exhibited cell type-specific distributions that recapitulate and extend findings from single neuron transcriptome profiling. Moreover, we found approximately 500,000 neuron-type-specific regulatory elements showing strong differential methylation in mouse and human cortex. Distinct methylation signatures identified an unique human Parvalbumin-expressing inhibitory sub-type and a layer 6 specific excitatory sub-type in mouse. Comparative epigenomic analysis showed stronger conservation of gene regulatory elements in inhibitory compared with excitatory neurons. These findings demonstrate the utility of single nucleus methylome profiling for both expanding the atlas of brain cell types and identifying regulatory elements that potentially drive these differences.Overall design: Single Cell Methylome analysis of mouse and human frontal cortex"	PubMed:35419551,28798132	SRS2082822	Bisulfite-Seq	GEO	SRX2685620	GSM2554915	Mus musculus													151.0	137301.0	1388.0	14977343.0	62	1343070	311	76683802	Illumina HiSeq 4000	PAIRED	RANDOM	GENOMIC		ILLUMINA	SRP102717	2017-08-11	166	262	343			0				
ERR3673180	0.682	PRJEB35449	SAMEA6238743	Comparative analyses of vertebrate gut microbiomes reveal convergence between birds and bats	Diet and host phylogeny drive the taxonomic and functional content of the gut microbiome in mammals, yet it is unknown whether these patterns hold across all vertebrate lineages. Here we assess gut microbiomes from ~900 vertebrate species, including 315 mammals and 491 birds, assessing contributions of diet, phylogeny, and physiology to structuring gut microbiomes. In most non-flying mammals, strong correlations exist between microbial community similarity, host diet, and host phylogenetic distance up to the host order level. In birds, by contrast, gut microbiomes are only very weakly correlated to diet or host phylogeny. Furthermore, while most microbes resident in mammalian guts are present in only a restricted taxonomic range of hosts, most microbes recovered from birds show little evidence of host specificity. Notably, among the mammals, bats host especially bird-like gut microbiomes, with little evidence for correlation to host diet or phylogeny. Thus suggests that host-gut microbiome phylosymbiosis depends on factors convergently absent in birds and bats, potentially associated with physiological adaptations to flight. Our findings expose major variations in the behavior of these important symbioses in endothermic vertebrates, and may signal fundamental evolutionary shifts in the costs/benefit framework of the gut microbiome.	PMC:10826950,6946802,10269867	ERS4038432	OTHER	UNIVERSITY OF CALIFORNIA SAN DIEGO MICROBIOME INIT	ERX3664513	SAMEA6238743	gut metagenome													35.0	3373.0	5734.0	138627.0	34	68170	400	2540585	Illumina HiSeq 2500	SINGLE	PCR	METAGENOMIC	11166.NATL.24232.chinchilla	ILLUMINA	ERP118494	2019-11-27	30	250	62			0				
SRR5391309	0.664	PRJNA380955	SAMN06654079	Single Cell Methylome Signatures Reveal Distinct Neuronal Populations and Regulatory Elements in the Mammalian Cortex	"The mammalian brain contains diverse neuron cell types with distinct physiological, morphological and molecular characteristics. However, a comprehensive assessment of the epigenetically distinct neuronal classes is currently missing. Cytosine DNA methylation is a stable epigenetic mark that distinguishes neuron types and marks gene regulatory elements. We developed an efficient single-nucleus methylome sequencing approach that allows robust high-throughput neuron-type classification. We generated >6,000 single-nucleus methylomes and identified 16 mouse and 21 human neuronal subpopulations in the frontal cortex. Both CG and non-CG methylation exhibited cell type-specific distributions that recapitulate and extend findings from single neuron transcriptome profiling. Moreover, we found approximately 500,000 neuron-type-specific regulatory elements showing strong differential methylation in mouse and human cortex. Distinct methylation signatures identified an unique human Parvalbumin-expressing inhibitory sub-type and a layer 6 specific excitatory sub-type in mouse. Comparative epigenomic analysis showed stronger conservation of gene regulatory elements in inhibitory compared with excitatory neurons. These findings demonstrate the utility of single nucleus methylome profiling for both expanding the atlas of brain cell types and identifying regulatory elements that potentially drive these differences.Overall design: Single Cell Methylome analysis of mouse and human frontal cortex"	PubMed:35419551,28798132	SRS2083381	Bisulfite-Seq	GEO	SRX2686178	GSM2555473	Mus musculus													151.0	381952.0	1359.0	34273707.0	54	3656846	338	197881343	Illumina HiSeq 4000	PAIRED	RANDOM	GENOMIC		ILLUMINA	SRP102717	2017-08-11	366	195	784			0				
SRR14198842	0.648	PRJNA694925	SAMN17584332	Uncovering new skin microbiome diversity through culturing and metagenomics	"Metagenomes, cultured reference genomes and metagenome assembled genomesPure cultures"	PMC:10591041	SRS8671952	WGS	NISC	SRX10565645	Met3514	skin metagenome	-77.10602	38.99984	lat_lon	"{""geo_loc_name_sam"": [-77.03196, 38.89036], ""geo_loc_name"": [-77.03196, 38.89036], ""geo_loc_name_country_calc"": [""-77.03196"", ""38.89036""]}"									151.0	6502425.0	14973.0	471234490.0	44	85583288	1138	3867441014	Illumina NovaSeq 6000	PAIRED	RANDOM	METAGENOMIC	AYD7840_1_L18923758	ILLUMINA	SRP314237	2021-09-16	6162	302	18056	['MIMS.me' 'MIGS/MIMS/MIMARKS.human-skin']	['2018-11-01']	2	0.68	0.7	0.65	0.68
SRR24403737	0.643	PRJNA966185	SAMN34537719	Comprehensive Wastewater Sequencing Reveals Community and Variant Dynamics of the Collective Human Virome	We conduct a comprehensive sequencing-based analysis of 363 longitudinal wastewater samples from ten distinct sites in two major cities. Over 450 distinct pathogenic viruses were detected. We reveal the viral landscape of human wastewater which can measure outbreaks and transmission, while informing on general population health.		SRS17516644	Targeted-Capture	BAYLOR COLLEGE OF MEDICINE	SRX20194246	FZLKV7	wastewater metagenome	-106.46095	31.77254	lat_lon	"{""geo_loc_name_country_calc"": [-77.03196, 38.89036], ""geo_loc_name"": [-106.48749, 31.75916], ""geo_loc_name_sam"": [""-106.48749"", ""31.75916""]}"									151.0	212572.0	4541.0	15975579.0	39	2252255	592	96301447	Illumina NovaSeq 6000	PAIRED	RANDOM	METAGENOMIC	FZLKV7	ILLUMINA	SRP435607	2023-05-02	909	302	2992	['MIMS.me' 'MIGS/MIMS/MIMARKS.wastewater']	['2022-11-07']	15	0.7	0.8	0.5	0.74
SRR3187451	0.643	PRJNA46333	SAMN04360066	Gene-Environment Interactions at the Skin Surface	"16S rRNA gene sequences amplified from subjects with eczema and age-matched healthy controls.<p>Microbes living in and on humans are ten times more numerous than human cells. Culture-based methods have been the primary techniques used to study microbes inhabiting humans; however, many species are not successfully grown in culture. The NIH Roadmap for Medical Research Human Microbiome Project (HMP) aims to investigate the microbes in the gastrointestinal tract, oral cavity, skin, vagina, and nares. The goal of the HMP is to comprehensively characterize the human microbiota and analyze its role in human health and disease.<p>The skin serves not only as a barrier against invading pathogens and moisture loss, but also as a host to microbial communities. The skin of an adult is an approximately 2 square meter surface with a myriad of microenvironments.  Atopic dermatitis (AD), more commonly known as eczema, is a common skin disorder that is exacerbated by Staphylococcus aureus colonization.  This study aims to investigate the skin microbiota of AD patients at specific timepoints (quiescence, disease flares, and post-treatment) to examine how disease state correlates with changes in the skin microflora.   <p>The 16S small subunit ribosomal (rRNA) gene is present in every bacterial cell, serving as a universal marker. The gene is sufficiently conserved to allow accurate alignment but adequately varied to enable phylogenetic analyses. Sequencing via 16S rRNA-based phylotyping has been used to survey the bacterial microbes on the skin.  Initially, we will examine the bacterial diversity associated with AD using a 16S rRNA survey and later broadening to include fungi, viruses, archaea and mites. In addition, bacteria will be cultured on a wide variety of media and isolates representing both abundant and novel species will be selected for whole genome sequencing.<p>To characterize fungal diversity, we utilize two phylogenetic markers within the rDNA region: 18S rRNA and the Intervening Internal Transcribed Spacer (ITS) region.  Full microbial diversity will be explored with shotgun metagenomic sequencing."	PMC:7945042,10151067,10541010,9600381,5666146,7857535,7488429,6833257,9667708,10591041,10609127;PubMed:34083435,22310478,23698366,37054678,28679656	SRS1310227	WGS	NISC	SRX1600322	MET0707	human skin metagenome	-77.09471	38.98465	lat_lon	"{""geo_loc_name_country_calc"": [-77.03196, 38.89036], ""geo_loc_name_sam"": [-77.03196, 38.89036], ""geo_loc_name"": [""-77.03196"", ""38.89036""]}"									32.0	3790806.0	984.0	140057447.0	44	24316570	609	1074313516	Illumina HiSeq 2000	PAIRED	RANDOM	METAGENOMIC	AJD0208_1_L7161044	ILLUMINA	SRP002480	2016-05-01	2108	202	2954	['MIMS.me' 'MIGS/MIMS/MIMARKS.human-skin']	['2014-04-02']	79	0.78	0.84	0.52	0.8
SRR12422733	0.639	PRJNA656141	SAMN15768575	feces metagenome Raw sequence reads	Metagenomics as a tool for identification and molecular genetic characterization of new potentially dangerous viruses	PMC:8407749	SRS7175196	WGS	SCIENTIFIC AND PRODUCTION CENTER FOR MICROBIOLOGY AND VIROLOGY	SRX8918635	At. al. feces	Acheta domestica densovirus	76.88814	43.2506	geo_loc_name	"{""geo_loc_name_country_calc"": [71.4283, 51.12771], ""geo_loc_name_sam"": [""76.88814"", ""43.2506""]}"									36.0	51829.0	4094.0	2637745.0	33	783297	904	28500735	Illumina MiSeq	SINGLE	Restriction Digest	OTHER	Al.at. fec met	ILLUMINA	SRP276894	2020-08-10	195	231	267	['Viral']	['2018-06-01']	1	0.64	0.64	0.64	0.64
SRR14226721	0.638	PRJNA721572	SAMN18721325	Pheidole pallidula Illumina reads for population genetics	Assembling the genome and explore allele variants associated with social polymorphism		SRS8694286	WGS	QUEEN MARY UNIVERSITY OF LONDON	SRX10591611	CAH1-P	Pheidole pallidula	2.4965	42.38892	lat_lon	"{""geo_loc_name_country_calc"": [2.3414, 48.85717], ""geo_loc_name_sam"": [1.44863, 43.60579], ""geo_loc_name"": [""1.44863"", ""43.60579""]}"					whole body	tissue	whole body	BTO_0001489	416.0	1489806.0	4951.0	237996155.0	49	15528826	1546	780858563	Illumina HiSeq 4000	PAIRED	PCR	GENOMIC	CAH1-P_illumina-pe	ILLUMINA	SRP314605	2022-04-08	1658	300	4621	['Invertebrate']		1	0.64	0.64	0.64	0.64
SRR10313473	0.638	PRJNA542606	SAMN13059154	Solenopsis invicta Raw sequence reads	The fire ant Solenopsis invicta has two types of social organization, where colonies can either have one or multiple queens. This colony-level phenotype is fully linked with a single genetic element, a supergene known as 'social chromosome' with two variants (SB and Sb). Single queen colonies are always homozygote SB/SB, whereas multiple-queen colonies have heterozygote queens SB/Sb. Here we investigated the gene expression patterns of the social chromosome in S. invicta. For this, we used DNAseq data from haploid males carrying either variant of the social chromosome to characterize the genetic diversity of the supergene region. We then generated RNAseq data from three body parts (abdomen, thorax and head) from queens and whole-bodied workers from heterozygote SB/Sb individuals to measure expression differences between variants. All the data was extracted from colonies in Argentina, in the native range of S. invicta.</p><p>This study's aim is to shed light on the evolutionary mechanisms underpinning supergenes by applying known theory to the expression patterns detected in the social chromosome. We also generated the first RNAseq dataset from the native range of S.invicta, a pest species in vast regions of the world that causes annual damages of $6 billion only in the USA.	PMC:8917144	SRS5545369	WGS	QUEEN MARY UNIVERSITY OF LONDON	SRX7024603	Sol_AR28-15-bigB-p_711502	Solenopsis invicta	-62.97651	-35.48604	geo_loc_name_sam	"{""geo_loc_name_country_calc"": [-58.37344, -34.6085], ""geo_loc_name"": [""-62.97651"", ""-35.48604""]}"					whole body	tissue	whole body	BTO_0001489					40	18274413	6101	930281197	Illumina HiSeq 4000	PAIRED	RANDOM	GENOMIC	Sol_AR28-15-bigB-p_711502	ILLUMINA	SRP198464	2020-08-17	7342	300	17760	['Invertebrate']		2	0.62	0.64	0.6	0.62
ERR574428	0.635	PRJEB6920	SAMEA2687616	We have sequenced whole genomes and transcriptomes of an expanding spider species to identify signatures of adaptive divergence	Poleward range expansions are commonly attributed to global change, but could alternatively be driven by rapid evolutionary adaptation. A well-documented example of a range expansion during the past decades is provided by the European wasp spider Argiope bruennichi. Using ecological niche modeling, thermal tolerance experiments and a genome-wide analysis of gene expression divergence, we show that invasive populations have adapted to novel climatic conditions in the course of their expansion. Their climatic niche shift is mirrored in an increased cold tolerance and a population-specific and functionally differentiated gene expression response. We generated an Argiope reference genome sequence and used population genome re-sequencing to assess genomic changes associated with the new climatic adaptations. We find clear genetic differentiation and a significant admixture with alleles from East Asian populations in the invasive Northern European populations. Population genetic modeling suggests that at least some of these introgressing alleles have contributed to the new adaptations during the expansion. Our results thus confirm the notion that range expansions are not a simple consequence of climate change, but are accompanied by fast genetic changes and adaptations that may be fuelled through admixture between long separated lineages.		ERS523276	WGS	MAX PLANCK INSTITUTE FOR EVOLUTIONARY BIOLOGY	ERX533198	SAMEA2687616	Argiope bruennichi	10.43381	54.16014	INSDC center name										1326.0	6967902.0	56636.0	1633538374.0	107	32480104	24899	2699962283	Illumina HiSeq 2000	PAIRED	unspecified	GENOMIC	SN7640167_9483	ILLUMINA	ERP006590	2015-06-02	22006	202	36384			1	0.64	0.64	0.64	0.64
ERR4083801	0.634	PRJEB38078	SAMEA6809562	Large scale metagenome assembly reveals novel animal-associated microbial diversity	Large-scale metagenome assemblies of human microbiomes have produced a huge catalogue of previously unseen genomic data, but has been applied to only a few of the >66 000 vertebrates on Earth. We generated 4374 metagenome assembled genomes (MAGs) from a large collection of animal gut metagenomes spanning 5 classes: Mammalia, Aves, Reptilia, Amphibia, and Actinopterygii, with 81% of samples from wild animals. We additionally assembled MAGs from 14 existing animal gut metagenome datasets. Moreover, we performed gene-based assembly of our entire metagenome collection to generate a large-scale gene catalogue	PMC:8556154,7646530	ERS4537211	WGS	MAX PLANCK INSTITUTE FOR DEVELOPMENTAL BIOLOGY	ERX4080900	SAMEA6809562	Crocodylus moreletii	16.37306	48.20833	geographic location (latitude),geographic location (longitude)	"{""geo_loc_name_country_calc"":[16.36842,48.20263],""geo_loc_name"":[16.36842,48.20263]}"									244.0	74398.0	9434.0	16244020.0	113	677264	1136	56773269	Illumina HiSeq 3000	PAIRED	RANDOM	METAGENOMIC	animal_gut_metagenome	ILLUMINA	ERP121451	2020-10-29	84	300	209		['2011-06-21']	3	0.61	0.63	0.59	0.6
SRR7270786	0.627	PRJNA428365	SAMN08891673	unclassified sequences Metagenome	As multiple species of bats are currently experiencing dramatic declines in populations due to White-Nose Syndrome (WNS) and other factors, conservation managers have an urgent need for data on the ecology and overall status of populations of once-common bat species. Standard approaches to obtain data on bat populations often involve capture and handling, requiring extensive expertise and unavoidably resulting in stress to the bats. New methods to rapidly obtain critical data are needed that minimize both the stress on bats and the spread of WNS. Guano provides a non-invasive source of DNA that includes information from the bat, but also dietary items, parasites, and pathogens. DNA metabarcoding is a high-throughput, DNA-based identification technique to assess the biodiversity of environmental or fecal samples. We investigated the use of Multifaceted DNA Metabarcoding (MDM), a technique combining next-generation DNA sequencing (NGS), DNA barcodes, and bioinformatic analysis, to simultaneously collect data on multiple parameters of interest (bat species composition, individual genotype, sex ratios, diet, parasites, and presence of WNS) from fecal samples using a single NGS run. We tested the accuracy of each MDM assay by using samples in which these parameters were previously determined using conventional approaches. We found that assays for bat species identification, insect diet, parasite diversity, and genotype were both sensitive and accurate, the assay to detect WNS was highly sensitive but requires careful sample processing steps to ensure the reliability of results, while assays for nectivorous diet and sex showed lower sensitivity. MDM was able to quantify multiple data classes from fecal samples simultaneously, and results were consistent whether we included assays for a single data class or multiple data classes. Overall, MDM is a useful approach that employs non-invasive sampling and a customizable suite of assays to gain important and largely accurate information on bat ecology and population dynamics.	PMC:6050187	SRS3386088	AMPLICON	MISSOURI BOTANICAL GARDEN	SRX4174466	3-36_ANPA_Run4	feces metagenome	-97.35669	32.72297	lat_lon	"{""geo_loc_name_sam"":[-97.743,30.26759],""geo_loc_name"":[-97.743,30.26759],""geo_loc_name_country_calc"":[-77.03196,38.89036]}"									208.0	9984.0	745.0	1229078.0	40	177545	501	7976990	Illumina MiSeq	PAIRED	PCR	GENOMIC	Run4-73	ILLUMINA	SRP149901	2018-06-06	55	375	96	['Metagenome or environmental']	['2016-03-23']	4	0.65	0.8	0.59	0.61
SRR940268	0.613	PRJNA167476	SAMN02209958	Pachypsylla venusta Genome sequencing and assembly	Whole genome assembly of Pachypsylla venusta (Hackberry petiole gall psyllid) as part of the BCM-HGSC i5k Pilot Project.	PMC:3969561	SRS462060	WGS	BCM	SRX325699	PVEN.00-nymph	Pachypsylla venusta	-110.96977	32.22177	geo_loc_name	"{""geo_loc_name_sam"": [-110.96977, 32.22177], ""geo_loc_name_country_calc"": [""-77.03196"", ""38.89036""]}"									129.0	6838781.0	12083.0	522241916.0	40	43964463	5662	1969595841	Illumina HiSeq 2000	PAIRED	RANDOM	GENOMIC	IWG_PVI5DS.Pven2-1_1pA	ILLUMINA	SRP027542	2013-07-18	26250	202	42694		['2011-11-21']	2	0.59	0.61	0.57	0.59
SRR24403572	0.608	PRJNA966185	SAMN34537709	Comprehensive Wastewater Sequencing Reveals Community and Variant Dynamics of the Collective Human Virome	We conduct a comprehensive sequencing-based analysis of 363 longitudinal wastewater samples from ten distinct sites in two major cities. Over 450 distinct pathogenic viruses were detected. We reveal the viral landscape of human wastewater which can measure outbreaks and transmission, while informing on general population health.		SRS17516618	Targeted-Capture	BAYLOR COLLEGE OF MEDICINE	SRX20194195	KAWJTK	wastewater metagenome	-106.46095	31.77254	lat_lon	"{""geo_loc_name_country_calc"": [-77.03196, 38.89036], ""geo_loc_name"": [-106.48749, 31.75916], ""geo_loc_name_sam"": [""-106.48749"", ""31.75916""]}"									151.0	279536.0	3303.0	18398350.0	37	3520351	607	143110000	Illumina NovaSeq 6000	PAIRED	RANDOM	METAGENOMIC	KAWJTK	ILLUMINA	SRP435607	2023-05-02	1263	302	4205	['MIMS.me' 'MIGS/MIMS/MIMARKS.wastewater']	['2022-09-26']	15	0.7	0.8	0.5	0.74
SRR5877743	0.606	PRJNA396161	SAMN07421817	fireant raw sequence reads	whole genome re-sequencing of fireants of the genus Solenopsis for evolutionary genomics studies	PMC:6389315,8917144	SRS2392779	WGS	QUEEN MARY UNIVERSITY OF LONDON	SRX3045159	Sol_gem-1	Solenopsis geminata	100.50482	13.75336	geo_loc_name	"{""geo_loc_name_country_calc"": [100.50482, 13.75336], ""geo_loc_name_sam"": [""100.50482"", ""13.75336""]}"									226.0	676052.0	6177.0	109491832.0	102	3781124	1715	279789280	Illumina HiSeq 4000	PAIRED	RANDOM	GENOMIC	Sol_gem-1	ILLUMINA	SRP113810	2017-07-29	476	300	1061	['Invertebrate']		5	0.6	0.61	0.6	0.6
SRR11308366	0.605	PRJNA610161	SAMN14278894	Microvelia longipes isolate:CP-2014 Genome sequencing and assembly	Microvelia longipes genome and assembly using Illumina + PacBio + HiC data.	PMC:8112723	SRS6320335	WGA	ENS LYON	SRX7913490	Microvelia longipes genome	Microvelia longipes	-53.23431	3.92588	geo_loc_name	"{""geo_loc_name_country_calc"": [-53.23431, 3.92588], ""geo_loc_name_sam"": [""-53.23431"", ""3.92588""]}"									215.0	1660868.0	21335.0	215843171.0	49	24522891	1412	1267126045	Illumina HiSeq 2500	PAIRED	RANDOM	GENOMIC	WHGERpviDAAADLAAPEI-72	ILLUMINA	SRP252854	2021-01-19	4725	98	11631	['Invertebrate']		5	0.72	0.86	0.6	0.7
SRR3187452	0.605	PRJNA46333	SAMN04360066	Gene-Environment Interactions at the Skin Surface	"16S rRNA gene sequences amplified from subjects with eczema and age-matched healthy controls.<p>Microbes living in and on humans are ten times more numerous than human cells. Culture-based methods have been the primary techniques used to study microbes inhabiting humans; however, many species are not successfully grown in culture. The NIH Roadmap for Medical Research Human Microbiome Project (HMP) aims to investigate the microbes in the gastrointestinal tract, oral cavity, skin, vagina, and nares. The goal of the HMP is to comprehensively characterize the human microbiota and analyze its role in human health and disease.<p>The skin serves not only as a barrier against invading pathogens and moisture loss, but also as a host to microbial communities. The skin of an adult is an approximately 2 square meter surface with a myriad of microenvironments.  Atopic dermatitis (AD), more commonly known as eczema, is a common skin disorder that is exacerbated by Staphylococcus aureus colonization.  This study aims to investigate the skin microbiota of AD patients at specific timepoints (quiescence, disease flares, and post-treatment) to examine how disease state correlates with changes in the skin microflora.   <p>The 16S small subunit ribosomal (rRNA) gene is present in every bacterial cell, serving as a universal marker. The gene is sufficiently conserved to allow accurate alignment but adequately varied to enable phylogenetic analyses. Sequencing via 16S rRNA-based phylotyping has been used to survey the bacterial microbes on the skin.  Initially, we will examine the bacterial diversity associated with AD using a 16S rRNA survey and later broadening to include fungi, viruses, archaea and mites. In addition, bacteria will be cultured on a wide variety of media and isolates representing both abundant and novel species will be selected for whole genome sequencing.<p>To characterize fungal diversity, we utilize two phylogenetic markers within the rDNA region: 18S rRNA and the Intervening Internal Transcribed Spacer (ITS) region.  Full microbial diversity will be explored with shotgun metagenomic sequencing."	PMC:7945042,10151067,10541010,9600381,5666146,7857535,7488429,6833257,9667708,10591041,10609127;PubMed:34083435,22310478,23698366,37054678,28679656	SRS1310227	WGS	NISC	SRX1600322	MET0707	human skin metagenome	-77.09471	38.98465	lat_lon	"{""geo_loc_name_country_calc"": [-77.03196, 38.89036], ""geo_loc_name_sam"": [-77.03196, 38.89036], ""geo_loc_name"": [""-77.03196"", ""38.89036""]}"									32.0	2069145.0	1073.0	83766847.0	44	25477485	495	1123270588	Illumina HiSeq 2000	PAIRED	RANDOM	METAGENOMIC	AJD0208_1_L7161044	ILLUMINA	SRP002480	2016-05-01	2247	202	3096	['MIMS.me' 'MIGS/MIMS/MIMARKS.human-skin']	['2014-04-02']	79	0.78	0.84	0.52	0.8
SRR7686429	0.604	PRJNA449414	SAMN08903183	Sousa chinensis isolate:MY-2018 Genome sequencing and assembly	draft genome assembly of the genome	PubMed:30031902	SRS3664228	WGS	SHANTOU UNIVERSITY	SRX4546924	DP_female	Sousa chinensis	120.74543	24.19314	geo_loc_name						skin	tissue	skin	BTO_0001253	190.0	3918373.0	5486.0	369566424.0	49	108671833	1245	5185777256	Illumina HiSeq 4000	PAIRED	RANDOM	GENOMIC	WHANIykfREAADWAAPEI-8	ILLUMINA	SRP157198	2019-01-30	15691	98	40684	['Model organism or animal']		1	0.6	0.6	0.6	0.6
SRR5877742	0.603	PRJNA396161	SAMN07421817	fireant raw sequence reads	whole genome re-sequencing of fireants of the genus Solenopsis for evolutionary genomics studies	PMC:6389315,8917144	SRS2392779	WGS	QUEEN MARY UNIVERSITY OF LONDON	SRX3045159	Sol_gem-1	Solenopsis geminata	100.50482	13.75336	geo_loc_name	"{""geo_loc_name_country_calc"": [100.50482, 13.75336], ""geo_loc_name_sam"": [""100.50482"", ""13.75336""]}"									260.0	687904.0	6127.0	134498647.0	120	3887041	2455	306481967	Illumina HiSeq 4000	PAIRED	RANDOM	GENOMIC	Sol_gem-1	ILLUMINA	SRP113810	2017-07-29	499	300	1198	['Invertebrate']		5	0.6	0.61	0.6	0.6
SRR11308365	0.603	PRJNA610161	SAMN14278894	Microvelia longipes isolate:CP-2014 Genome sequencing and assembly	Microvelia longipes genome and assembly using Illumina + PacBio + HiC data.	PMC:8112723	SRS6320335	WGA	ENS LYON	SRX7913491	Microvelia longipes genome	Microvelia longipes	-53.23431	3.92588	geo_loc_name	"{""geo_loc_name_country_calc"": [-53.23431, 3.92588], ""geo_loc_name_sam"": [""-53.23431"", ""3.92588""]}"									93.0	372740.0	4843.0	25121539.0	48	23228667	1047	1029510898	Illumina HiSeq 2500	PAIRED	RANDOM	GENOMIC	WHGERpviDBAADTAAPEI-75	ILLUMINA	SRP252854	2021-01-19	3182	98	6812	['Invertebrate']		5	0.72	0.86	0.6	0.7
ERR4084049	0.602	PRJEB38078	SAMEA6809562	Large scale metagenome assembly reveals novel animal-associated microbial diversity	Large-scale metagenome assemblies of human microbiomes have produced a huge catalogue of previously unseen genomic data, but has been applied to only a few of the >66 000 vertebrates on Earth. We generated 4374 metagenome assembled genomes (MAGs) from a large collection of animal gut metagenomes spanning 5 classes: Mammalia, Aves, Reptilia, Amphibia, and Actinopterygii, with 81% of samples from wild animals. We additionally assembled MAGs from 14 existing animal gut metagenome datasets. Moreover, we performed gene-based assembly of our entire metagenome collection to generate a large-scale gene catalogue	PMC:8556154,7646530	ERS4537211	WGS	MAX PLANCK INSTITUTE FOR DEVELOPMENTAL BIOLOGY	ERX4081148	SAMEA6809562	Crocodylus moreletii	16.37306	48.20833	geographic location (latitude),geographic location (longitude)	"{""geo_loc_name_country_calc"":[16.36842,48.20263],""geo_loc_name"":[16.36842,48.20263]}"									241.0	65002.0	7231.0	13822851.0	117	594870	1047	50260704	Illumina HiSeq 3000	PAIRED	RANDOM	METAGENOMIC	animal_gut_metagenome	ILLUMINA	ERP121451	2020-10-29	72	300	179		['2011-06-21']	3	0.61	0.63	0.59	0.6
SRR10313471	0.602	PRJNA542606	SAMN13059153	Solenopsis invicta Raw sequence reads	The fire ant Solenopsis invicta has two types of social organization, where colonies can either have one or multiple queens. This colony-level phenotype is fully linked with a single genetic element, a supergene known as 'social chromosome' with two variants (SB and Sb). Single queen colonies are always homozygote SB/SB, whereas multiple-queen colonies have heterozygote queens SB/Sb. Here we investigated the gene expression patterns of the social chromosome in S. invicta. For this, we used DNAseq data from haploid males carrying either variant of the social chromosome to characterize the genetic diversity of the supergene region. We then generated RNAseq data from three body parts (abdomen, thorax and head) from queens and whole-bodied workers from heterozygote SB/Sb individuals to measure expression differences between variants. All the data was extracted from colonies in Argentina, in the native range of S. invicta.</p><p>This study's aim is to shed light on the evolutionary mechanisms underpinning supergenes by applying known theory to the expression patterns detected in the social chromosome. We also generated the first RNAseq dataset from the native range of S.invicta, a pest species in vast regions of the world that causes annual damages of $6 billion only in the USA.	PMC:8917144	SRS5545367	WGS	QUEEN MARY UNIVERSITY OF LONDON	SRX7024601	Sol_AR28-14-littleb-p_707505	Solenopsis invicta	-62.97651	-35.48604	geo_loc_name	"{""geo_loc_name_country_calc"": [-58.37344, -34.6085], ""geo_loc_name_sam"": [""-62.97651"", ""-35.48604""]}"					whole body	tissue	whole body	BTO_0001489	1673.0	2189097.0	44225.0	344971743.0	40	17935865	8219	917201545	Illumina HiSeq 4000	PAIRED	RANDOM	GENOMIC	Sol_AR28-14-littleb-p_707505	ILLUMINA	SRP198464	2020-08-17	6077	300	14491	['Invertebrate']		2	0.62	0.64	0.6	0.62
SRR2230498	0.601	PRJNA286330	SAMN04005113	The 1KITE project: evolution of insects	Insects are one of the most species-rich groups of metazoan organisms. They play a pivotal role in most non-marine ecosystems and many insect species are of enormous economical and medical importance. Unraveling the evolution of insects is essential for understanding how life in terrestrial and limnic environments evolved. The 1KITE (1K Insect Transcriptome Evolution) project aims to study the transcriptomes (that is the entirety of expressed genes) of 1,000 insect species encompassing all recognized insect orders. For each species, so-called ESTs (Expressed Sequence Tags) will be produced using next generation sequencing techniques (NGS). The expected data will allow inferring for the first time a robust phylogenetic backbone tree of insects. Furthermore, the project includes the development of new software for data quality assessment and analysis.	PMC:5818608	SRS1053228	EST	ZMB	SRX1178822	INSerlTBZRAAPEI-17 - Acheta domesticus	Acheta domesticus	9.98745	53.55562	geo_loc_name_sam	"{""geo_loc_name_country_calc"": [13.37691, 52.51604], ""geo_loc_name"": [""9.98745"", ""53.55562""]}"									440.0	183812.0	15849.0	48137418.0	61	2160457	2217	133205480	Illumina HiSeq 2000	PAIRED	cDNA	TRANSCRIPTOMIC	INSerlTBZRAAPEI-17	ILLUMINA	SRP063266	2018-04-20	1609	300	2534	['Invertebrate']	['2013-02-01']	1	0.6	0.6	0.6	0.6
SRR5877740	0.6	PRJNA396161	SAMN07421817	fireant raw sequence reads	whole genome re-sequencing of fireants of the genus Solenopsis for evolutionary genomics studies	PMC:6389315,8917144	SRS2392779	WGS	QUEEN MARY UNIVERSITY OF LONDON	SRX3045159	Sol_gem-1	Solenopsis geminata	100.50482	13.75336	geo_loc_name	"{""geo_loc_name_country_calc"": [100.50482, 13.75336], ""geo_loc_name_sam"": [""100.50482"", ""13.75336""]}"									249.0	698509.0	6078.0	128264490.0	115	3847652	1720	298164748	Illumina HiSeq 4000	PAIRED	RANDOM	GENOMIC	Sol_gem-1	ILLUMINA	SRP113810	2017-07-29	450	300	1127	['Invertebrate']		5	0.6	0.61	0.6	0.6
SRR620566	0.599	PRJNA182127	SAMN01819015	Solenopsis invicta Variation	Low-coverage (~6x) resequencing from males collected in Georgia, USA.	PMC:8917144	SRS377410	WGS	QUEEN MARY UNIVERSITY OF LONDON	SRX206699	f3b	Solenopsis invicta													427.0	1205562.0	8627.0	254566051.0	122	6146261	5315	481228657	Illumina HiSeq 2000	PAIRED	unspecified	GENOMIC		ILLUMINA	SRP017317	2013-02-07	2805	202	4412			0				
SRR5877741	0.599	PRJNA396161	SAMN07421817	fireant raw sequence reads	whole genome re-sequencing of fireants of the genus Solenopsis for evolutionary genomics studies	PMC:6389315,8917144	SRS2392779	WGS	QUEEN MARY UNIVERSITY OF LONDON	SRX3045159	Sol_gem-1	Solenopsis geminata	100.50482	13.75336	geo_loc_name	"{""geo_loc_name_country_calc"": [100.50482, 13.75336], ""geo_loc_name_sam"": [""100.50482"", ""13.75336""]}"									235.0	594751.0	5612.0	106265278.0	99	3835038	1654	280866755	Illumina HiSeq 4000	PAIRED	RANDOM	GENOMIC	Sol_gem-1	ILLUMINA	SRP113810	2017-07-29	512	300	1103	['Invertebrate']		5	0.6	0.61	0.6	0.6
ERR5005310	0.599	PRJEB42019	SAMEA7723523	EMG produced TPA metagenomics assembly of PRJEB42019 data set (Earth Microbiome Project Multi-omics (EMP500)).	The Third Party Annotation (TPA)  assembly was derived from the primary whole genome shotgun (WGS) data set PRJEB42019, and was assembled with metaspades v3.15.3. This project includes samples from the following biomes: root:Environmental:Aquatic:Marine:Sediment.	PMC:10609127,11264914	ERS5470901	WGS	UNIVERSITY OF CALIFORNIA SAN DIEGO MICROBIOME INIT	ERX4814593	SAMEA7723523	gut metagenome	-77.05	38.93	latitude,longitude	"{""gcms_run_location"": [-117.18296, 32.85299], ""geo_loc_name_country_calc"": [-77.03196, 38.89036], ""geo_loc_name"": [-76.64915, 39.32281], ""geo_loc_name_sam"": [-76.64915, 39.32281], ""physical_specimen_location"": [-87.67421, 42.05071], ""INSDC center name"": [""-117.16171"", ""32.71568""]}"									532.0	856454.0	60489.0	291312910.0	150	4765191	12017	542430526	Illumina NovaSeq 6000	PAIRED	PCR	METAGENOMIC	13114.song.52.s009	ILLUMINA	ERP125879	2020-12-23	1298	292	3862			14	0.71	0.8	0.53	0.77
SRR22720310	0.598	PRJNA839090	SAMN32206465	Wastewater monitoring for SARS-CoV-2 across the United States (CDC/NWSS/Biobot Analytics)	Sequencing of SARS-CoV-2 RNA in wastewater samples collected across the United States, for genomic surveillance. Sequencing project led by Biobot Analytics as part of CDC/NWSS (the National Wastewater Surveillance System).		SRS16124777	WGS	BIOBOT ANALYTICS	SRX18681603	3603.B	wastewater metagenome	-94.58311	39.10344	geo_loc_name	"{""geo_loc_name_sam"": [-94.58311, 39.10344], ""ww_surv_jurisdiction"": [-95.67119, 39.04928], ""geo_loc_name_country_calc"": [""-77.03196"", ""38.89036""]}"	ww_surv_target_1	sars	severe acute respiratory syndrome	DOID_2945					171.0	557207.0	9078.0	63987531.0	61	7454950	2661	425094954	Illumina NovaSeq 6000	PAIRED	RT-PCR	METATRANSCRIPTOMIC	3603.B_64104451	ILLUMINA	SRP375736	2022-12-13	1079	201	3360	['SARS-CoV-2: wastewater surveillance']	['2022-11-28']	2	0.58	0.6	0.56	0.58
SRR8079606	0.596	PRJNA396161	SAMN07421817	fireant raw sequence reads	whole genome re-sequencing of fireants of the genus Solenopsis for evolutionary genomics studies	PMC:6389315,8917144	SRS2392779	WGS	QUEEN MARY UNIVERSITY OF LONDON	SRX4906759	Sol_gem-1	Solenopsis geminata	100.50482	13.75336	geo_loc_name	"{""geo_loc_name_country_calc"": [100.50482, 13.75336], ""geo_loc_name_sam"": [""100.50482"", ""13.75336""]}"									528.0	1004784.0	6422.0	239908919.0	150	5057908	5123	431255884	Illumina HiSeq 4000	PAIRED	RANDOM	GENOMIC	Sol_gem-1	ILLUMINA	SRP113810	2018-10-19	1206	300	3051	['Invertebrate']		5	0.6	0.61	0.6	0.6
SRR16398515	0.595	PRJNA772116	SAMN22366285	A taxonomy of transcriptomic cell types across the isocortex and hippocampal formation	"The isocortex and hippocampal formation (HPF) in the mammalian brain play critical roles in perception, cognition, emotion and learning. We profiled ~1.3 million cells covering the entire adult mouse isocortex and HPF and derived a transcriptomic celltype taxonomy which includes many new glutamatergic and GABAergic neuron types. Contrary to the traditional view of HPF as having a simpler cellular organization, we discover a complete set of glutamatergic types in HPF homologous to all major subclasses found in the six-layered isocortex, suggesting that HPF and isocortex share a common circuit organization. We also identify large-scale continuous and graded variation of cell types along isocortical depth, across isocortical sheet and in multiple dimensions in hippocampus and subiculum. Overall, our study establishes a molecular architecture of mammalian isocortex and hippocampal formation and begins to shed light on its underlying relationship with the development, evolution, connectivity and function of these two brain structures.Overall design: Single cell RNA-seq using the 10x genomics and Smart-seq v4 methods. Cells were isolated from mouse cortex and hippocampal formation. The dataset includes 175 10x genomics libraries containing ~1.2 million cells and 73.363 Smart-seq v4 cells."	PubMed:34004146	SRS10619259	RNA-Seq	GEO	SRX12667400	GSM5629182	Mus musculus													450.0	9724.0	3772.0	2944673.0	51	431637	1424	23563873	Illumina HiSeq 2500	PAIRED	cDNA	TRANSCRIPTOMIC		ILLUMINA	SRP341866	2021-10-21	80	102	195			0				
SRR7270609	0.595	PRJNA428365	SAMN08891671	unclassified sequences Metagenome	As multiple species of bats are currently experiencing dramatic declines in populations due to White-Nose Syndrome (WNS) and other factors, conservation managers have an urgent need for data on the ecology and overall status of populations of once-common bat species. Standard approaches to obtain data on bat populations often involve capture and handling, requiring extensive expertise and unavoidably resulting in stress to the bats. New methods to rapidly obtain critical data are needed that minimize both the stress on bats and the spread of WNS. Guano provides a non-invasive source of DNA that includes information from the bat, but also dietary items, parasites, and pathogens. DNA metabarcoding is a high-throughput, DNA-based identification technique to assess the biodiversity of environmental or fecal samples. We investigated the use of Multifaceted DNA Metabarcoding (MDM), a technique combining next-generation DNA sequencing (NGS), DNA barcodes, and bioinformatic analysis, to simultaneously collect data on multiple parameters of interest (bat species composition, individual genotype, sex ratios, diet, parasites, and presence of WNS) from fecal samples using a single NGS run. We tested the accuracy of each MDM assay by using samples in which these parameters were previously determined using conventional approaches. We found that assays for bat species identification, insect diet, parasite diversity, and genotype were both sensitive and accurate, the assay to detect WNS was highly sensitive but requires careful sample processing steps to ensure the reliability of results, while assays for nectivorous diet and sex showed lower sensitivity. MDM was able to quantify multiple data classes from fecal samples simultaneously, and results were consistent whether we included assays for a single data class or multiple data classes. Overall, MDM is a useful approach that employs non-invasive sampling and a customizable suite of assays to gain important and largely accurate information on bat ecology and population dynamics.	PMC:6050187	SRS3385849	AMPLICON	MISSOURI BOTANICAL GARDEN	SRX4174226	3-13_ANPA_Run4	feces metagenome	-97.35669	32.72297	lat_lon	"{""geo_loc_name_country_calc"": [-77.03196, 38.89036], ""geo_loc_name_sam"": [-97.743, 30.26759], ""geo_loc_name"": [""-97.743"", ""30.26759""]}"									220.0	8096.0	562.0	1050913.0	38	184218	502	7935634	Illumina MiSeq	PAIRED	PCR	GENOMIC	Run4-71	ILLUMINA	SRP149901	2018-06-06	58	403	97	['Metagenome or environmental']	['2016-03-23']	4	0.65	0.8	0.59	0.61
SRR7270788	0.591	PRJNA428365	SAMN08891675	unclassified sequences Metagenome	As multiple species of bats are currently experiencing dramatic declines in populations due to White-Nose Syndrome (WNS) and other factors, conservation managers have an urgent need for data on the ecology and overall status of populations of once-common bat species. Standard approaches to obtain data on bat populations often involve capture and handling, requiring extensive expertise and unavoidably resulting in stress to the bats. New methods to rapidly obtain critical data are needed that minimize both the stress on bats and the spread of WNS. Guano provides a non-invasive source of DNA that includes information from the bat, but also dietary items, parasites, and pathogens. DNA metabarcoding is a high-throughput, DNA-based identification technique to assess the biodiversity of environmental or fecal samples. We investigated the use of Multifaceted DNA Metabarcoding (MDM), a technique combining next-generation DNA sequencing (NGS), DNA barcodes, and bioinformatic analysis, to simultaneously collect data on multiple parameters of interest (bat species composition, individual genotype, sex ratios, diet, parasites, and presence of WNS) from fecal samples using a single NGS run. We tested the accuracy of each MDM assay by using samples in which these parameters were previously determined using conventional approaches. We found that assays for bat species identification, insect diet, parasite diversity, and genotype were both sensitive and accurate, the assay to detect WNS was highly sensitive but requires careful sample processing steps to ensure the reliability of results, while assays for nectivorous diet and sex showed lower sensitivity. MDM was able to quantify multiple data classes from fecal samples simultaneously, and results were consistent whether we included assays for a single data class or multiple data classes. Overall, MDM is a useful approach that employs non-invasive sampling and a customizable suite of assays to gain important and largely accurate information on bat ecology and population dynamics.	PMC:6050187	SRS3386085	AMPLICON	MISSOURI BOTANICAL GARDEN	SRX4174464	3-19_ANPA_Run4	feces metagenome	-97.35669	32.72297	lat_lon	"{""geo_loc_name_country_calc"": [-77.03196, 38.89036], ""geo_loc_name"": [-97.743, 30.26759], ""geo_loc_name_sam"": [""-97.743"", ""30.26759""]}"									194.0	9225.0	1010.0	798452.0	36	203648	498	8244729	Illumina MiSeq	PAIRED	PCR	GENOMIC	Run4-75	ILLUMINA	SRP149901	2018-06-06	66	323	115	['Metagenome or environmental']	['2016-03-23']	4	0.65	0.8	0.59	0.61
SRR5393286	0.588	PRJNA380955	SAMN06655902	Single Cell Methylome Signatures Reveal Distinct Neuronal Populations and Regulatory Elements in the Mammalian Cortex	"The mammalian brain contains diverse neuron cell types with distinct physiological, morphological and molecular characteristics. However, a comprehensive assessment of the epigenetically distinct neuronal classes is currently missing. Cytosine DNA methylation is a stable epigenetic mark that distinguishes neuron types and marks gene regulatory elements. We developed an efficient single-nucleus methylome sequencing approach that allows robust high-throughput neuron-type classification. We generated >6,000 single-nucleus methylomes and identified 16 mouse and 21 human neuronal subpopulations in the frontal cortex. Both CG and non-CG methylation exhibited cell type-specific distributions that recapitulate and extend findings from single neuron transcriptome profiling. Moreover, we found approximately 500,000 neuron-type-specific regulatory elements showing strong differential methylation in mouse and human cortex. Distinct methylation signatures identified an unique human Parvalbumin-expressing inhibitory sub-type and a layer 6 specific excitatory sub-type in mouse. Comparative epigenomic analysis showed stronger conservation of gene regulatory elements in inhibitory compared with excitatory neurons. These findings demonstrate the utility of single nucleus methylome profiling for both expanding the atlas of brain cell types and identifying regulatory elements that potentially drive these differences.Overall design: Single Cell Methylome analysis of mouse and human frontal cortex"	PubMed:35419551,28798132	SRS2085357	Bisulfite-Seq	GEO	SRX2688155	GSM2557503	Homo sapiens													151.0	779793.0	1383.0	81973743.0	64	4501636	423	253918165	Illumina HiSeq 4000	PAIRED	RANDOM	GENOMIC		ILLUMINA	SRP102717	2017-08-11	384	302	855			0				
ERR4083553	0.586	PRJEB38078	SAMEA6809562	Large scale metagenome assembly reveals novel animal-associated microbial diversity	Large-scale metagenome assemblies of human microbiomes have produced a huge catalogue of previously unseen genomic data, but has been applied to only a few of the >66 000 vertebrates on Earth. We generated 4374 metagenome assembled genomes (MAGs) from a large collection of animal gut metagenomes spanning 5 classes: Mammalia, Aves, Reptilia, Amphibia, and Actinopterygii, with 81% of samples from wild animals. We additionally assembled MAGs from 14 existing animal gut metagenome datasets. Moreover, we performed gene-based assembly of our entire metagenome collection to generate a large-scale gene catalogue	PMC:8556154,7646530	ERS4537211	WGS	MAX PLANCK INSTITUTE FOR DEVELOPMENTAL BIOLOGY	ERX4080652	SAMEA6809562	Crocodylus moreletii	16.37306	48.20833	geographic location (latitude),geographic location (longitude)	"{""geo_loc_name_country_calc"":[16.36842,48.20263],""geo_loc_name"":[16.36842,48.20263]}"									237.0	47566.0	6946.0	10089636.0	117	406968	1098	35093970	Illumina HiSeq 3000	PAIRED	RANDOM	METAGENOMIC	animal_gut_metagenome	ILLUMINA	ERP121451	2020-10-29	55	300	142		['2011-06-21']	3	0.61	0.63	0.59	0.6
ERR2200443	0.58	PRJEB23496	SAMEA4527602	COMPARE global sewage snapshot virome sequencing part	This study contains the virome sequencing data of the global sewage snapshot samples.		ERS1426781	WGS	ERASMUS MC, UNIVERISTY MEDICAL CENTER	ERX2255431	SAMEA4527602	wastewater metagenome	16.3738	48.2082	geographic location (latitude),geographic location (longitude)	"{""geo_loc_name"": [16.36842, 48.20263], ""geo_loc_name_country_calc"": [16.36842, 48.20263], ""name of the sampling site"": [120.99764, 14.50023], ""INSDC center name"": [""12.52253"", ""55.78572""]}"									255.0	228639.0	3795.0	41826296.0	60	1769835	868	109757729	Ion Torrent S5 XL	SINGLE	RANDOM	METAGENOMIC	Ion Xpress™ Plus Fragment Library Kit	ION_TORRENT	ERP105254	2020-05-30	616	255	831		['2016-02-04']	1	0.58	0.58	0.58	0.58
SRR1646413	0.578	PRJNA20385	SAMN02900551	Whole genome assembly and analysis of Dipodomys ordii using multiple sequencing technologies	"Whole genome assembly and analysis of Dipodomys ordii (Kangaroo rat) using multiple sequencing technologies.The genome sequence should provide greater depth to mammalian genome comparisons and a better understanding of mammalian genome evolution."	PMC:5837290,9469943	SRS741062	WGS	BCM	SRX755834	DORD.00-Female	Dipodomys ordii									kidney	tissue	kidney	BTO_0000671	31.0	8361106.0	2687.0	304278461.0	35	49872585	791	2002111974	Illumina HiSeq 2000	PAIRED	RANDOM	GENOMIC	IWG_KARARG.6190-1_6mA	ILLUMINA	SRP049634	2014-11-10	5507	202	8359	['Model organism or animal']	['2006-06-26']	0				
SRR22040283	0.575	PRJNA894191	SAMN31441521	Epigenetic landscape of Human Brains by Single Nucleus DNA Methylation and Chromatin Conformation Profiling - pool110_h1930004_Pro	"Illustrating the cellular architecture of the human brain is critical to understanding its diverse functions and complex animal behaviors. Single nucleus methylation sequencing was applied to regions of human brains. we identified distinct cell clusters and formed them in a hierarchical taxonomy. These clusters include known primary brain cell types and possible sub-types. We use these data to identify the epigenomic characteristics and to define specific regulatory elements for each cell cluster.Overall design: Apply snmC-seq3 to brain regions to identify epigenomic landcape of the adult human brains"		SRS15527887	OTHER	GEO	SRX18019907	GSM6676409	Homo sapiens													151.0	148479.0	1171.0	12540515.0	78	1280368	325	76687349	Illumina NovaSeq 6000	PAIRED	other	GENOMIC		ILLUMINA	SRP404499	2023-07-07	92	292	262			0				
ERR5004102	0.575	PRJEB42019	SAMEA7723978	EMG produced TPA metagenomics assembly of PRJEB42019 data set (Earth Microbiome Project Multi-omics (EMP500)).	The Third Party Annotation (TPA)  assembly was derived from the primary whole genome shotgun (WGS) data set PRJEB42019, and was assembled with metaspades v3.15.3. This project includes samples from the following biomes: root:Environmental:Aquatic:Marine:Sediment.	PMC:10609127,11264914	ERS5471355	WGS	UNIVERSITY OF CALIFORNIA SAN DIEGO MICROBIOME INIT	ERX4813385	SAMEA7723978	gut metagenome	-77.05	38.93	latitude,longitude	"{""INSDC center name"": [-117.16171, 32.71568], ""geo_loc_name"": [-76.64915, 39.32281], ""geo_loc_name_country_calc"": [-77.03196, 38.89036], ""geo_loc_name_sam"": [-76.64915, 39.32281], ""physical_specimen_location"": [""-87.67421"", ""42.05071""]}"									488.0	170968.0	50429.0	62771353.0	150	1116815	5534	122073326	Illumina NovaSeq 6000	PAIRED	PCR	METAGENOMIC	13114.song.51.s009	ILLUMINA	ERP125879	2020-12-23	272	296	799			14	0.71	0.8	0.53	0.77
ERR5004104	0.573	PRJEB42019	SAMEA7723980	EMG produced TPA metagenomics assembly of PRJEB42019 data set (Earth Microbiome Project Multi-omics (EMP500)).	The Third Party Annotation (TPA)  assembly was derived from the primary whole genome shotgun (WGS) data set PRJEB42019, and was assembled with metaspades v3.15.3. This project includes samples from the following biomes: root:Environmental:Aquatic:Marine:Sediment.	PMC:10609127,11264914	ERS5471357	WGS	UNIVERSITY OF CALIFORNIA SAN DIEGO MICROBIOME INIT	ERX4813387	SAMEA7723980	gut metagenome	-77.05	38.93	latitude,longitude	"{""physical_specimen_location"": [-87.67421, 42.05071], ""geo_loc_name_sam"": [-76.64915, 39.32281], ""INSDC center name"": [-117.16171, 32.71568], ""geo_loc_name_country_calc"": [-77.03196, 38.89036], ""geo_loc_name"": [""-76.64915"", ""39.32281""]}"									325.0	126295.0	34233.0	38585184.0	120	1083014	3471	98251096	Illumina NovaSeq 6000	PAIRED	PCR	METAGENOMIC	13114.song.51.s011	ILLUMINA	ERP125879	2020-12-23	178	295	524			14	0.71	0.8	0.53	0.77
SRR940267	0.573	PRJNA167476	SAMN02209958	Pachypsylla venusta Genome sequencing and assembly	Whole genome assembly of Pachypsylla venusta (Hackberry petiole gall psyllid) as part of the BCM-HGSC i5k Pilot Project.	PMC:3969561	SRS462060	WGS	BCM	SRX325698	PVEN.00-nymph	Pachypsylla venusta	-110.96977	32.22177	geo_loc_name	"{""geo_loc_name_sam"": [-110.96977, 32.22177], ""geo_loc_name_country_calc"": [""-77.03196"", ""38.89036""]}"									137.0	6440169.0	10949.0	503216184.0	38	58675240	2287	2469369040	Illumina HiSeq 2000	PAIRED	RANDOM	GENOMIC	IWG_PVI5DS.Pven1-1_1pA	ILLUMINA	SRP027542	2013-07-18	30337	202	43220		['2011-11-21']	2	0.59	0.61	0.57	0.59
SRR3188133	0.573	PRJNA46333	SAMN04360083	Gene-Environment Interactions at the Skin Surface	"16S rRNA gene sequences amplified from subjects with eczema and age-matched healthy controls.<p>Microbes living in and on humans are ten times more numerous than human cells. Culture-based methods have been the primary techniques used to study microbes inhabiting humans; however, many species are not successfully grown in culture. The NIH Roadmap for Medical Research Human Microbiome Project (HMP) aims to investigate the microbes in the gastrointestinal tract, oral cavity, skin, vagina, and nares. The goal of the HMP is to comprehensively characterize the human microbiota and analyze its role in human health and disease.<p>The skin serves not only as a barrier against invading pathogens and moisture loss, but also as a host to microbial communities. The skin of an adult is an approximately 2 square meter surface with a myriad of microenvironments.  Atopic dermatitis (AD), more commonly known as eczema, is a common skin disorder that is exacerbated by Staphylococcus aureus colonization.  This study aims to investigate the skin microbiota of AD patients at specific timepoints (quiescence, disease flares, and post-treatment) to examine how disease state correlates with changes in the skin microflora.   <p>The 16S small subunit ribosomal (rRNA) gene is present in every bacterial cell, serving as a universal marker. The gene is sufficiently conserved to allow accurate alignment but adequately varied to enable phylogenetic analyses. Sequencing via 16S rRNA-based phylotyping has been used to survey the bacterial microbes on the skin.  Initially, we will examine the bacterial diversity associated with AD using a 16S rRNA survey and later broadening to include fungi, viruses, archaea and mites. In addition, bacteria will be cultured on a wide variety of media and isolates representing both abundant and novel species will be selected for whole genome sequencing.<p>To characterize fungal diversity, we utilize two phylogenetic markers within the rDNA region: 18S rRNA and the Intervening Internal Transcribed Spacer (ITS) region.  Full microbial diversity will be explored with shotgun metagenomic sequencing."	PMC:7945042,10151067,10541010,9600381,5666146,7857535,7488429,6833257,9667708,10591041,10609127;PubMed:34083435,22310478,23698366,37054678,28679656	SRS1310713	WGS	NISC	SRX1600838	MET0726	human skin metagenome	-77.09471	38.98465	lat_lon	"{""geo_loc_name_country_calc"": [-77.03196, 38.89036], ""geo_loc_name_sam"": [-77.03196, 38.89036], ""geo_loc_name"": [""-77.03196"", ""38.89036""]}"									48.0	430760.0	775.0	20623208.0	44	14376452	487	628923598	Illumina HiSeq 2000	PAIRED	RANDOM	METAGENOMIC	AJD0189_1_L7161040	ILLUMINA	SRP002480	2016-05-01	1205	202	1663	['MIMS.me' 'MIGS/MIMS/MIMARKS.human-skin']	['2014-05-14']	79	0.78	0.84	0.52	0.8
SRR15882500	0.556	PRJNA746354	SAMN21418183	Wastewater monitoring for SARS-CoV-2 across the United States (HHS Protect/NWSS/Biobot Analytics)	Sequencing of SARS-CoV-2 RNA in wastewater samples collected across the United States, for genomic surveillance. Sequencing project led by Biobot Analytics with support from CDC/NWSS (the National Wastewater Surveillance System) and HHS.	PMC:10609127	SRS10151706	WGS	BIOBOT ANALYTICS	SRX12173574	2439-AO	wastewater metagenome	-94.58311	39.10344	geo_loc_name	"{""geo_loc_name_country_calc"": [-77.03196, 38.89036], ""geo_loc_name_sam"": [-94.58311, 39.10344], ""ww_surv_jurisdiction"": [""-71.05675"", ""42.35866""]}"	title	sars	severe acute respiratory syndrome	DOID_2945					213.0	183881.0	34411.0	33840100.0	95	1245584	5316	95226310	Illumina NovaSeq 6000	PAIRED	RT-PCR	METATRANSCRIPTOMIC	2439-AO_1	ILLUMINA	SRP328230	2021-09-14	156	299	488	['SARS-CoV-2: wastewater surveillance']	['2021-08-17']	2	0.58	0.6	0.56	0.58
ERR5004889	0.552	PRJEB42019	SAMEA7723978	EMG produced TPA metagenomics assembly of PRJEB42019 data set (Earth Microbiome Project Multi-omics (EMP500)).	The Third Party Annotation (TPA)  assembly was derived from the primary whole genome shotgun (WGS) data set PRJEB42019, and was assembled with metaspades v3.15.3. This project includes samples from the following biomes: root:Environmental:Aquatic:Marine:Sediment.	PMC:10609127,11264914	ERS5471355	WGS	UNIVERSITY OF CALIFORNIA SAN DIEGO MICROBIOME INIT	ERX4814172	SAMEA7723978	gut metagenome	-77.05	38.93	latitude,longitude	"{""INSDC center name"": [-117.16171, 32.71568], ""geo_loc_name"": [-76.64915, 39.32281], ""geo_loc_name_country_calc"": [-77.03196, 38.89036], ""geo_loc_name_sam"": [-76.64915, 39.32281], ""physical_specimen_location"": [""-87.67421"", ""42.05071""]}"									495.0	176934.0	60115.0	64943147.0	150	1130099	6038	125043240	Illumina NovaSeq 6000	PAIRED	PCR	METAGENOMIC	13114.song.51.s009	ILLUMINA	ERP125879	2020-12-23	277	296	826			14	0.71	0.8	0.53	0.77
SRR26030081	0.549	PRJNA862960	SAMN37350462	Pennsylvania Wastewater Surveillance System (PaWSS) SARS-CoV-2 Monitoring (Biobot Analytics)	Sequencing of SARS-CoV-2 RNA from wastewater influent samples collected in Pennsylvania for genomic surveillance.		SRS18854993	WGS	BIOBOT ANALYTICS	SRX21747338	6389.G	wastewater metagenome	-76.88224	40.25986	geo_loc_name	"{""geo_loc_name_sam"": [-76.88224, 40.25986], ""geo_loc_name_country_calc"": [-77.03196, 38.89036], ""ww_surv_jurisdiction"": [""-76.88224"", ""40.25986""]}"	ww_surv_target_1	sars	severe acute respiratory syndrome	DOID_2945					181.0	192642.0	25484.0	25072679.0	67	2988597	2087	181484899	Illumina NovaSeq 6000	PAIRED	RT-PCR	METATRANSCRIPTOMIC	6389.G_78790903	ILLUMINA	SRP388458	2023-09-11	685	201	2171	['SARS-CoV-2: wastewater surveillance']	['2023-08-30']	2	0.54	0.55	0.54	0.54
SRR24403492	0.547	PRJNA966185	SAMN34537736	Comprehensive Wastewater Sequencing Reveals Community and Variant Dynamics of the Collective Human Virome	We conduct a comprehensive sequencing-based analysis of 363 longitudinal wastewater samples from ten distinct sites in two major cities. Over 450 distinct pathogenic viruses were detected. We reveal the viral landscape of human wastewater which can measure outbreaks and transmission, while informing on general population health.		SRS17516509	Targeted-Capture	BAYLOR COLLEGE OF MEDICINE	SRX20193970	Y7RHMM	wastewater metagenome	-106.46095	31.77254	lat_lon	"{""geo_loc_name"":[-106.48749,31.75916],""geo_loc_name_country_calc"":[-77.03196,38.89036],""geo_loc_name_sam"":[-106.48749,31.75916]}"									151.0	309946.0	10808.0	22378789.0	41	2175263	754	96637483	Illumina NovaSeq 6000	PAIRED	RANDOM	METAGENOMIC	Y7RHMM	ILLUMINA	SRP435607	2023-05-02	800	302	2593	['MIMS.me' 'MIGS/MIMS/MIMARKS.wastewater']	['2022-09-12']	15	0.7	0.8	0.5	0.74
SRR24403692	0.54	PRJNA966185	SAMN34537812	Comprehensive Wastewater Sequencing Reveals Community and Variant Dynamics of the Collective Human Virome	We conduct a comprehensive sequencing-based analysis of 363 longitudinal wastewater samples from ten distinct sites in two major cities. Over 450 distinct pathogenic viruses were detected. We reveal the viral landscape of human wastewater which can measure outbreaks and transmission, while informing on general population health.		SRS17516690	Targeted-Capture	BAYLOR COLLEGE OF MEDICINE	SRX20194335	P2NU97	wastewater metagenome	-106.46095	31.77254	lat_lon	"{""geo_loc_name"":[-106.48749,31.75916],""geo_loc_name_country_calc"":[-77.03196,38.89036],""geo_loc_name_sam"":[-106.48749,31.75916]}"									151.0	305607.0	10268.0	37577460.0	48	2788843	888	137419972	Illumina NovaSeq 6000	PAIRED	RANDOM	METAGENOMIC	P2NU97	ILLUMINA	SRP435607	2023-05-02	834	302	2752	['MIMS.me' 'MIGS/MIMS/MIMARKS.wastewater']	['2022-10-10']	15	0.7	0.8	0.5	0.74
SRR15882614	0.539	PRJNA746354	SAMN21418378	Wastewater monitoring for SARS-CoV-2 across the United States (HHS Protect/NWSS/Biobot Analytics)	Sequencing of SARS-CoV-2 RNA in wastewater samples collected across the United States, for genomic surveillance. Sequencing project led by Biobot Analytics with support from CDC/NWSS (the National Wastewater Surveillance System) and HHS.	PMC:10609127	SRS10151593	WGS	BIOBOT ANALYTICS	SRX12173461	2673-B	wastewater metagenome	-76.88224	40.25986	geo_loc_name	"{""ww_surv_jurisdiction"": [-71.05675, 42.35866], ""geo_loc_name_country_calc"": [-77.03196, 38.89036], ""geo_loc_name_sam"": [""-76.88224"", ""40.25986""]}"	title	sars	severe acute respiratory syndrome	DOID_2945					193.0	83954.0	55213.0	15464205.0	98	601587	3649	47373791	Illumina NovaSeq 6000	PAIRED	RT-PCR	METATRANSCRIPTOMIC	2673-B_1	ILLUMINA	SRP328230	2021-09-14	73	300	224	['SARS-CoV-2: wastewater surveillance']	['2021-08-16']	2	0.54	0.55	0.54	0.54
SRR1631010	0.539	PRJNA46333	SAMN03025566	Gene-Environment Interactions at the Skin Surface	"16S rRNA gene sequences amplified from subjects with eczema and age-matched healthy controls.<p>Microbes living in and on humans are ten times more numerous than human cells. Culture-based methods have been the primary techniques used to study microbes inhabiting humans; however, many species are not successfully grown in culture. The NIH Roadmap for Medical Research Human Microbiome Project (HMP) aims to investigate the microbes in the gastrointestinal tract, oral cavity, skin, vagina, and nares. The goal of the HMP is to comprehensively characterize the human microbiota and analyze its role in human health and disease.<p>The skin serves not only as a barrier against invading pathogens and moisture loss, but also as a host to microbial communities. The skin of an adult is an approximately 2 square meter surface with a myriad of microenvironments.  Atopic dermatitis (AD), more commonly known as eczema, is a common skin disorder that is exacerbated by Staphylococcus aureus colonization.  This study aims to investigate the skin microbiota of AD patients at specific timepoints (quiescence, disease flares, and post-treatment) to examine how disease state correlates with changes in the skin microflora.   <p>The 16S small subunit ribosomal (rRNA) gene is present in every bacterial cell, serving as a universal marker. The gene is sufficiently conserved to allow accurate alignment but adequately varied to enable phylogenetic analyses. Sequencing via 16S rRNA-based phylotyping has been used to survey the bacterial microbes on the skin.  Initially, we will examine the bacterial diversity associated with AD using a 16S rRNA survey and later broadening to include fungi, viruses, archaea and mites. In addition, bacteria will be cultured on a wide variety of media and isolates representing both abundant and novel species will be selected for whole genome sequencing.<p>To characterize fungal diversity, we utilize two phylogenetic markers within the rDNA region: 18S rRNA and the Intervening Internal Transcribed Spacer (ITS) region.  Full microbial diversity will be explored with shotgun metagenomic sequencing."	PMC:7945042,10151067,10541010,9600381,5666146,7857535,7488429,6833257,9667708,10591041,10609127;PubMed:34083435,22310478,23698366,37054678,28679656	SRS731415	WGS	NISC	SRX743718	MET0202	human skin metagenome	-77.09471	38.98465	lat_lon	"{""geo_loc_name"": [-77.03196, 38.89036], ""geo_loc_name_country_calc"": [-77.03196, 38.89036], ""geo_loc_name_sam"": [""-77.03196"", ""38.89036""]}"									1579.0	37431.0	26898.0	16405366.0	76	724244	2663	49742464	Illumina HiSeq 2000	PAIRED	RANDOM	METAGENOMIC	Met0202_1_L4396736	ILLUMINA	SRP002480	2014-10-30	253	202	369	['MIMS.me' 'MIGS/MIMS/MIMARKS.human-skin']	['2013-01-16']	79	0.78	0.84	0.52	0.8
SRR8663623	0.537	PRJNA525405	SAMN11050323	Seasonal Dynamics of DNA and RNA Viral Bioaerosol Communities in a Daycare Center	Seasonal Dynamics of DNA and RNA Viral Bioaerosol Communities in a Daycare Center	PMC:6444849	SRS4434180	WGS	SAN DIEGO STATE UNIVERSITY	SRX5460300	AP-RNA-8	air metagenome	-80.4234	37.2284	lat_lon	"{""geo_loc_name"":[-77.43367,37.54068],""geo_loc_name_country_calc"":[-77.03196,38.89036],""geo_loc_name_sam"":[-77.43367,37.54068]}"									151.0	733098.0	1737.0	47169826.0	42	9992478	624	459884962	NextSeq 500	PAIRED	RANDOM	METAGENOMIC	AP-RNA-8	ILLUMINA	SRP187424	2019-03-28	1122	300	2498	['MIMS.me' 'MIGS/MIMS/MIMARKS.air']	['2014-08-04']	1	0.54	0.54	0.54	0.54
ERR5002083	0.529	PRJEB42019	SAMEA7723978	EMG produced TPA metagenomics assembly of PRJEB42019 data set (Earth Microbiome Project Multi-omics (EMP500)).	The Third Party Annotation (TPA)  assembly was derived from the primary whole genome shotgun (WGS) data set PRJEB42019, and was assembled with metaspades v3.15.3. This project includes samples from the following biomes: root:Environmental:Aquatic:Marine:Sediment.	PMC:10609127,11264914	ERS5471355	WGS	UNIVERSITY OF CALIFORNIA SAN DIEGO MICROBIOME INIT	ERX4811366	SAMEA7723978	gut metagenome	-77.05	38.93	latitude,longitude	"{""INSDC center name"": [-117.16171, 32.71568], ""geo_loc_name"": [-76.64915, 39.32281], ""geo_loc_name_country_calc"": [-77.03196, 38.89036], ""geo_loc_name_sam"": [-76.64915, 39.32281], ""physical_specimen_location"": [""-87.67421"", ""42.05071""]}"									387.0	180520.0	61608.0	58213965.0	149	1037629	5294	109810114	Illumina NovaSeq 6000	PAIRED	PCR	METAGENOMIC	13114.song.51.s009	ILLUMINA	ERP125879	2020-12-22	224	297	654			14	0.71	0.8	0.53	0.77
SRR3188134	0.524	PRJNA46333	SAMN04360083	Gene-Environment Interactions at the Skin Surface	"16S rRNA gene sequences amplified from subjects with eczema and age-matched healthy controls.<p>Microbes living in and on humans are ten times more numerous than human cells. Culture-based methods have been the primary techniques used to study microbes inhabiting humans; however, many species are not successfully grown in culture. The NIH Roadmap for Medical Research Human Microbiome Project (HMP) aims to investigate the microbes in the gastrointestinal tract, oral cavity, skin, vagina, and nares. The goal of the HMP is to comprehensively characterize the human microbiota and analyze its role in human health and disease.<p>The skin serves not only as a barrier against invading pathogens and moisture loss, but also as a host to microbial communities. The skin of an adult is an approximately 2 square meter surface with a myriad of microenvironments.  Atopic dermatitis (AD), more commonly known as eczema, is a common skin disorder that is exacerbated by Staphylococcus aureus colonization.  This study aims to investigate the skin microbiota of AD patients at specific timepoints (quiescence, disease flares, and post-treatment) to examine how disease state correlates with changes in the skin microflora.   <p>The 16S small subunit ribosomal (rRNA) gene is present in every bacterial cell, serving as a universal marker. The gene is sufficiently conserved to allow accurate alignment but adequately varied to enable phylogenetic analyses. Sequencing via 16S rRNA-based phylotyping has been used to survey the bacterial microbes on the skin.  Initially, we will examine the bacterial diversity associated with AD using a 16S rRNA survey and later broadening to include fungi, viruses, archaea and mites. In addition, bacteria will be cultured on a wide variety of media and isolates representing both abundant and novel species will be selected for whole genome sequencing.<p>To characterize fungal diversity, we utilize two phylogenetic markers within the rDNA region: 18S rRNA and the Intervening Internal Transcribed Spacer (ITS) region.  Full microbial diversity will be explored with shotgun metagenomic sequencing."	PMC:7945042,10151067,10541010,9600381,5666146,7857535,7488429,6833257,9667708,10591041,10609127;PubMed:34083435,22310478,23698366,37054678,28679656	SRS1310713	WGS	NISC	SRX1600838	MET0726	human skin metagenome	-77.09471	38.98465	lat_lon	"{""geo_loc_name_country_calc"": [-77.03196, 38.89036], ""geo_loc_name_sam"": [-77.03196, 38.89036], ""geo_loc_name"": [""-77.03196"", ""38.89036""]}"									32.0	1568575.0	658.0	57360038.0	44	13300329	403	583219890	Illumina HiSeq 2000	PAIRED	RANDOM	METAGENOMIC	AJD0189_1_L7161040	ILLUMINA	SRP002480	2016-05-01	1089	202	1537	['MIMS.me' 'MIGS/MIMS/MIMARKS.human-skin']	['2014-05-14']	79	0.78	0.84	0.52	0.8
SRR3188138	0.523	PRJNA46333	SAMN04360083	Gene-Environment Interactions at the Skin Surface	"16S rRNA gene sequences amplified from subjects with eczema and age-matched healthy controls.<p>Microbes living in and on humans are ten times more numerous than human cells. Culture-based methods have been the primary techniques used to study microbes inhabiting humans; however, many species are not successfully grown in culture. The NIH Roadmap for Medical Research Human Microbiome Project (HMP) aims to investigate the microbes in the gastrointestinal tract, oral cavity, skin, vagina, and nares. The goal of the HMP is to comprehensively characterize the human microbiota and analyze its role in human health and disease.<p>The skin serves not only as a barrier against invading pathogens and moisture loss, but also as a host to microbial communities. The skin of an adult is an approximately 2 square meter surface with a myriad of microenvironments.  Atopic dermatitis (AD), more commonly known as eczema, is a common skin disorder that is exacerbated by Staphylococcus aureus colonization.  This study aims to investigate the skin microbiota of AD patients at specific timepoints (quiescence, disease flares, and post-treatment) to examine how disease state correlates with changes in the skin microflora.   <p>The 16S small subunit ribosomal (rRNA) gene is present in every bacterial cell, serving as a universal marker. The gene is sufficiently conserved to allow accurate alignment but adequately varied to enable phylogenetic analyses. Sequencing via 16S rRNA-based phylotyping has been used to survey the bacterial microbes on the skin.  Initially, we will examine the bacterial diversity associated with AD using a 16S rRNA survey and later broadening to include fungi, viruses, archaea and mites. In addition, bacteria will be cultured on a wide variety of media and isolates representing both abundant and novel species will be selected for whole genome sequencing.<p>To characterize fungal diversity, we utilize two phylogenetic markers within the rDNA region: 18S rRNA and the Intervening Internal Transcribed Spacer (ITS) region.  Full microbial diversity will be explored with shotgun metagenomic sequencing."	PMC:7945042,10151067,10541010,9600381,5666146,7857535,7488429,6833257,9667708,10591041,10609127;PubMed:34083435,22310478,23698366,37054678,28679656	SRS1310713	WGS	NISC	SRX1600838	MET0726	human skin metagenome	-77.09471	38.98465	lat_lon	"{""geo_loc_name_country_calc"": [-77.03196, 38.89036], ""geo_loc_name_sam"": [-77.03196, 38.89036], ""geo_loc_name"": [""-77.03196"", ""38.89036""]}"									32.0	726192.0	1101.0	29725016.0	44	13247549	374	579765290	Illumina HiSeq 2000	PAIRED	RANDOM	METAGENOMIC	AJD0189_1_L7161040	ILLUMINA	SRP002480	2016-05-01	1082	202	1522	['MIMS.me' 'MIGS/MIMS/MIMARKS.human-skin']	['2014-05-14']	79	0.78	0.84	0.52	0.8
SRR620565	0.522	PRJNA182127	SAMN01819014	Solenopsis invicta Variation	Low-coverage (~6x) resequencing from males collected in Georgia, USA.	PMC:8917144	SRS377409	WGS	QUEEN MARY UNIVERSITY OF LONDON	SRX206698	f3_B	Solenopsis invicta													471.0	1236112.0	7279.0	262248724.0	130	6087678	6076	481346318	Illumina HiSeq 2000	PAIRED	unspecified	GENOMIC		ILLUMINA	SRP017317	2013-02-07	2940	202	4619			0				
SRR17258928	0.515	PRJNA774202	SAMN22864198	Gerromorpha phylogenetic reconstruction	Transcriptomic data for 92 Gerromorpha species and 3 outgroups species. This data was used to reconstruct Gerromorpha phylogeny.		SRS11336832	RNA-Seq	ENS LYON	SRX13437408	Aqu_pal	Aquarius paludum	5.09778	45.7646	lat_lon	"{""geo_loc_name_country_calc"": [2.3414, 48.85717], ""geo_loc_name"": [5.114, 45.79486], ""geo_loc_name_sam"": [""5.114"", ""45.79486""]}"									34.0	16832901.0	4723.0	695474361.0	34	174714233	917	6345242038	Illumina HiSeq 2500	PAIRED	PolyA	TRANSCRIPTOMIC	Aqu_pal	ILLUMINA	SRP351251	2023-01-24	51164	300	82326	['Invertebrate']		1	0.52	0.52	0.52	0.52
SRR24403490	0.501	PRJNA966185	SAMN34537738	Comprehensive Wastewater Sequencing Reveals Community and Variant Dynamics of the Collective Human Virome	We conduct a comprehensive sequencing-based analysis of 363 longitudinal wastewater samples from ten distinct sites in two major cities. Over 450 distinct pathogenic viruses were detected. We reveal the viral landscape of human wastewater which can measure outbreaks and transmission, while informing on general population health.		SRS17516510	Targeted-Capture	BAYLOR COLLEGE OF MEDICINE	SRX20193974	JRG2YW	wastewater metagenome	-106.46095	31.77254	lat_lon	"{""geo_loc_name_sam"": [-106.48749, 31.75916], ""geo_loc_name_country_calc"": [-77.03196, 38.89036], ""geo_loc_name"": [""-106.48749"", ""31.75916""]}"													42	3716910	764	171177144	Illumina NovaSeq 6000	PAIRED	RANDOM	METAGENOMIC	JRG2YW	ILLUMINA	SRP435607	2023-05-02	1175	302	3729	['MIMS.me' 'MIGS/MIMS/MIMARKS.wastewater']	['2023-01-04']	15	0.7	0.8	0.5	0.74
