	NC_076998_ref	elementary-school-004-20250901	elementary-school-004-20250915	elementary-school-004-20250922	elementary-school-004-20250929	high-school-001-20250901	high-school-001-20250915	high-school-001-20250929
NC_076998_ref	0	0.008757396449704143	0.010247349823321554	0.009906291834002677	0.010163499779054353	0.00909090909090909	0.009422266303000248	0.00935672514619883
elementary-school-004-20250901	0.008757396449704143	0	0.0011189854531891085	0.0005846243788365975	0.00048649963512527365	0.004041844983357109	0.005247169290251312	0.004157339302846178
elementary-school-004-20250915	0.010247349823321554	0.0011189854531891085	0	0.000407000407000407	0.0007304601899196494	0.003549875754348598	0.003943217665615142	0.00499001996007984
elementary-school-004-20250922	0.009906291834002677	0.0005846243788365975	0.000407000407000407	0	0.0005518763796909492	0.00403117441547971	0.004857316332726169	0.005409304002884962
elementary-school-004-20250929	0.010163499779054353	0.00048649963512527365	0.0007304601899196494	0.0005518763796909492	0	0.004661487236403996	0.005544354838709678	0.00631578947368421
high-school-001-20250901	0.00909090909090909	0.004041844983357109	0.003549875754348598	0.00403117441547971	0.004661487236403996	0	0.0004978839930296241	0.0008807985907222549
high-school-001-20250915	0.009422266303000248	0.005247169290251312	0.003943217665615142	0.004857316332726169	0.005544354838709678	0.0004978839930296241	0	0.0016144656118824668
high-school-001-20250929	0.00935672514619883	0.004157339302846178	0.00499001996007984	0.005409304002884962	0.00631578947368421	0.0008807985907222549	0.0016144656118824668	0
